-- phpMyAdmin SQL Dump
-- version 4.4.15.10
-- https://www.phpmyadmin.net
--
-- Host: localhost
-- Generation Time: Dec 22, 2020 at 09:26 AM
-- Server version: 5.5.65-MariaDB
-- PHP Version: 7.3.20

SET SQL_MODE = "NO_AUTO_VALUE_ON_ZERO";
SET time_zone = "+00:00";


/*!40101 SET @OLD_CHARACTER_SET_CLIENT=@@CHARACTER_SET_CLIENT */;
/*!40101 SET @OLD_CHARACTER_SET_RESULTS=@@CHARACTER_SET_RESULTS */;
/*!40101 SET @OLD_COLLATION_CONNECTION=@@COLLATION_CONNECTION */;
/*!40101 SET NAMES utf8mb4 */;

--
-- Database: `gng`
--

-- --------------------------------------------------------

--
-- Table structure for table `failed_jobs`
--

CREATE TABLE IF NOT EXISTS `failed_jobs` (
  `id` bigint(20) unsigned NOT NULL,
  `connection` text COLLATE utf8mb4_unicode_ci NOT NULL,
  `queue` text COLLATE utf8mb4_unicode_ci NOT NULL,
  `payload` longtext COLLATE utf8mb4_unicode_ci NOT NULL,
  `exception` longtext COLLATE utf8mb4_unicode_ci NOT NULL,
  `failed_at` timestamp NOT NULL DEFAULT CURRENT_TIMESTAMP
) ENGINE=InnoDB DEFAULT CHARSET=utf8mb4 COLLATE=utf8mb4_unicode_ci;

-- --------------------------------------------------------

--
-- Table structure for table `migrations`
--

CREATE TABLE IF NOT EXISTS `migrations` (
  `id` int(10) unsigned NOT NULL,
  `migration` varchar(191) COLLATE utf8mb4_unicode_ci NOT NULL,
  `batch` int(11) NOT NULL
) ENGINE=InnoDB AUTO_INCREMENT=9 DEFAULT CHARSET=utf8mb4 COLLATE=utf8mb4_unicode_ci;

--
-- Dumping data for table `migrations`
--

INSERT INTO `migrations` (`id`, `migration`, `batch`) VALUES
(1, '2014_10_12_000000_create_users_table', 1),
(2, '2014_10_12_100000_create_password_resets_table', 1),
(3, '2016_06_01_000001_create_oauth_auth_codes_table', 1),
(4, '2016_06_01_000002_create_oauth_access_tokens_table', 1),
(5, '2016_06_01_000003_create_oauth_refresh_tokens_table', 1),
(6, '2016_06_01_000004_create_oauth_clients_table', 1),
(7, '2016_06_01_000005_create_oauth_personal_access_clients_table', 1),
(8, '2019_08_19_000000_create_failed_jobs_table', 1);

-- --------------------------------------------------------

--
-- Table structure for table `oauth_access_tokens`
--

CREATE TABLE IF NOT EXISTS `oauth_access_tokens` (
  `id` varchar(100) COLLATE utf8mb4_unicode_ci NOT NULL,
  `user_id` bigint(20) unsigned DEFAULT NULL,
  `client_id` bigint(20) unsigned NOT NULL,
  `name` varchar(191) COLLATE utf8mb4_unicode_ci DEFAULT NULL,
  `scopes` text COLLATE utf8mb4_unicode_ci,
  `revoked` tinyint(1) NOT NULL,
  `created_at` timestamp NULL DEFAULT NULL,
  `updated_at` timestamp NULL DEFAULT NULL,
  `expires_at` datetime DEFAULT NULL
) ENGINE=InnoDB DEFAULT CHARSET=utf8mb4 COLLATE=utf8mb4_unicode_ci;

--
-- Dumping data for table `oauth_access_tokens`
--

INSERT INTO `oauth_access_tokens` (`id`, `user_id`, `client_id`, `name`, `scopes`, `revoked`, `created_at`, `updated_at`, `expires_at`) VALUES
('015d3c8bf0e432871ab393cf372fbddf45982450de07a7341a0128494e45138804d87110738baa08', 2, 4, NULL, '[]', 0, '2020-09-20 04:50:27', '2020-09-20 04:50:27', '2021-09-20 04:50:27'),
('017accbec6e24065d3cc4e8f2c496f8aa7ec9cb6d06b096d5baaff78aab07e3e5ac27039495a59dc', 1, 4, 'GNG', '[]', 0, '2020-09-09 16:19:20', '2020-09-09 16:19:20', '2021-09-09 16:19:20'),
('01af582004d92c543c75a5b18ca8c5ec4343c58aa7a08af5982ff01112e5b2dcf48ac9e1769d7547', 11, 4, NULL, '[]', 0, '2020-10-12 16:20:37', '2020-10-12 16:20:37', '2021-10-12 16:20:37'),
('0222bc7306e92a9d4719cb5692b6fdaaceff8c06ac827b6f7d081ad872ffe9fcfa782d1abe14398c', 2, 4, 'GNG', '[]', 0, '2020-12-17 04:00:54', '2020-12-17 04:00:54', '2021-12-17 04:00:54'),
('02366ca8b4c325fb50ffe62289269baa1809822891d658fd742481361e2f875100a34bfce1358904', 1, 4, NULL, '[]', 0, '2020-10-09 18:15:45', '2020-10-09 18:15:45', '2021-10-09 18:15:45'),
('024414cc686f3dca697c1d56715c5f6485c21ba35abb4b15b79aae9d3e9f6caa1e8de204a23b7334', 16, 4, 'GNG', '[]', 0, '2020-12-11 16:35:54', '2020-12-11 16:35:54', '2021-12-11 16:35:54'),
('03645dd0075fe94fadfe0872584872b25840dbb250902d344e2eec09e6b587f9df301a09f68f5f2e', 10, 4, 'GNG', '[]', 0, '2020-12-02 04:12:04', '2020-12-02 04:12:04', '2021-12-02 04:12:04'),
('068ad2999aa10bd66b987e332d18893f0e4437f7b4270e343f628c186ddd89ee63c42b6fdfddb770', 5, 4, 'GNG', '[]', 0, '2020-11-01 05:22:25', '2020-11-01 05:22:25', '2021-11-01 05:22:25'),
('06c1b672dfb5591e882f0666dde4f294012a018bd0c6371fae58ffd2a9c0b176b51bba951b8f961e', 11, 4, NULL, '[]', 0, '2020-10-13 11:29:11', '2020-10-13 11:29:11', '2021-10-13 11:29:11'),
('092fbc0988581d3a6d5ccb22d04fe3ec1425b63c1369c3d81a28e09f3d9e82978b6a831a2f0a4950', 1, 4, 'GNG', '[]', 0, '2020-09-09 16:32:02', '2020-09-09 16:32:02', '2021-09-09 16:32:02'),
('0b29376f0fffef82a269f326ef14121200b220c30728579a39caa2ef17e2d1d9704119c82ef3acf8', 2, 4, NULL, '[]', 0, '2020-09-17 17:09:26', '2020-09-17 17:09:26', '2021-09-17 17:09:26'),
('0b33232f55ac808b752859ca07e47a6843e3edc586370602b6e95350fb92d0afb27854dd0d08d010', 4, 4, NULL, '[]', 0, '2020-10-07 12:00:51', '2020-10-07 12:00:51', '2021-10-07 12:00:51'),
('0b7a34146b0a1d97ac38e1c03f6eca0264a5f5dc03fb793b19ed91e7346b5f5e98ca83e9775ec555', 1, 4, NULL, '[]', 0, '2020-10-10 09:51:37', '2020-10-10 09:51:37', '2021-10-10 09:51:37'),
('0bfe89f15bff0a92ffdd52cc3a50a0f5399833bbe0ebad033e2b18ce070daf94b75a2d34cf2b5538', 3, 4, 'GNG', '[]', 0, '2020-10-27 15:10:05', '2020-10-27 15:10:05', '2021-10-27 15:10:05'),
('0cc47bd365f543013d2f32193bea9cdcf447b2372ca7326f06832aaf8a2d13fe92b633a0b530253b', 1, 4, 'GNG', '[]', 0, '2020-10-21 03:28:26', '2020-10-21 03:28:26', '2021-10-21 03:28:26'),
('0cee4ef8d8597686a47e119b6a4c9e7c9bd6ec97ccc8a79999ebfcc2f32c9510c69e37416d2f9083', 1, 4, NULL, '[]', 0, '2020-10-09 18:14:45', '2020-10-09 18:14:45', '2021-10-09 18:14:45'),
('0d8e71dea94360799a0ba253c74e1483e28a8f835060523965536af434da3b920503169239ebd133', 2, 4, NULL, '[]', 0, '2020-10-06 03:48:27', '2020-10-06 03:48:27', '2021-10-06 03:48:27'),
('0d9220bb4a6a5f9c1331e8c6e01c55cf1ca6add859ca0d75d7cfa4b3e65a476c080bb65a16d5ae79', 11, 4, 'GNG', '[]', 0, '2020-12-17 10:08:46', '2020-12-17 10:08:46', '2021-12-17 10:08:46'),
('0e127a4b87aa0a8ae6fa0e8f20341036cb0279ff33fab179238a941d76ec5b467999c9b2e81182ff', 2, 4, NULL, '[]', 0, '2020-09-20 06:28:20', '2020-09-20 06:28:20', '2021-09-20 06:28:20'),
('0e1c2807f4fc8e1809768135e84f37b9ec82a41158d4d041e16451e59354a5cdfde6642fe769a242', 1, 4, NULL, '[]', 0, '2020-10-11 13:42:12', '2020-10-11 13:42:12', '2021-10-11 13:42:12'),
('0e30fed2139cf95248234278503fd7ef401a45b4ef5b014588f0550558bfd14bd645da26301722d5', 11, 4, NULL, '[]', 0, '2020-10-15 15:50:56', '2020-10-15 15:50:56', '2021-10-15 15:50:56'),
('112b89b7a1a88000867129df185652bb4c57313c009e40c6ec639ac730becac70c957cbd35cb19cd', 15, 4, 'GNG', '[]', 0, '2020-10-23 16:30:39', '2020-10-23 16:30:39', '2021-10-23 16:30:39'),
('162a541879e86430f5c087fdf6f0809eac01f28191cd0903b3e464a6bf0e9523462d2571cd6009b3', 11, 4, NULL, '[]', 0, '2020-10-12 16:18:47', '2020-10-12 16:18:47', '2021-10-12 16:18:47'),
('168e8a54e9e0540aeee992601308af1114e2db54dc92722663bf46ddb577547bd3adfbab343b90a1', 19, 4, 'GNG', '[]', 0, '2020-12-21 10:19:34', '2020-12-21 10:19:34', '2021-12-21 10:19:34'),
('16dde34a299e3a0d34f9d1c164cdf33590f58c36582925e4d58d6dc380b8c5646ea202c99ff8983b', 2, 4, NULL, '[]', 0, '2020-10-13 11:22:30', '2020-10-13 11:22:30', '2021-10-13 11:22:30'),
('195c1121fa540512c86042d059978c20d5ea6da78fc09c578814945f1d4c60438c6bdb5f3ac04375', 9, 4, NULL, '[]', 0, '2020-10-10 13:23:48', '2020-10-10 13:23:48', '2021-10-10 13:23:48'),
('1aad214acbc21fafff223aa31a6e5ddffe02b0fcf66ee64c3d6c1912155e361992335f40de6cab60', 2, 4, 'GNG', '[]', 0, '2020-11-24 15:00:09', '2020-11-24 15:00:09', '2021-11-24 15:00:09'),
('1bad3a8fbe2ddf2b047b2f90278a68db0350a1dfd98a41ee6d8a7f2e370cd3e2252772e2c129175c', 2, 4, NULL, '[]', 0, '2020-09-20 06:21:37', '2020-09-20 06:21:37', '2021-09-20 06:21:37'),
('1bc098c3e497bf1716cd57ce2d7ca72de7494bf2f82440583d1f9c048e51d79fb51ca6442da16baf', 2, 4, NULL, '[]', 0, '2020-09-21 18:02:25', '2020-09-21 18:02:25', '2021-09-21 18:02:25'),
('1c2ed9fe701acbde5f0cb7c391497ba002b83a6e80b5a27f4ccdd7108e447759ec94aebe6625a6cf', 3, 4, 'GNG', '[]', 0, '2020-12-21 21:51:54', '2020-12-21 21:51:54', '2021-12-21 21:51:54'),
('1c3320f426b666d71ebdeef74a47d15fb18fb839fb34143d5f5fd0de3c1b07db1f5f564a9c8bb94e', 4, 4, 'GNG', '[]', 0, '2020-12-19 16:07:03', '2020-12-19 16:07:03', '2021-12-19 16:07:03'),
('1d11246c7d94b2a9d9e399330c359efde3f41d0e58ce8c434a25a9f41518f96fe36b197a6b49b922', 1, 4, 'GNG', '[]', 0, '2020-10-19 18:30:33', '2020-10-19 18:30:33', '2021-10-19 18:30:33'),
('2105eddc916c39384556b85d25fbf7200d7f6e9e1589b8514a28698e1a4f350820276313f073b5d1', 10, 4, 'GNG', '[]', 0, '2020-11-30 04:41:42', '2020-11-30 04:41:42', '2021-11-30 04:41:42'),
('229520705a9350b59181ee86036ef8a78bbd8fd7a24a0ae30b4ae57a0de07f720fbbbd8cae543d6a', 2, 4, NULL, '[]', 0, '2020-09-20 06:27:35', '2020-09-20 06:27:35', '2021-09-20 06:27:35'),
('24571fa5b429456f256fe70b0b0909e9da7ec6697ca074d6d5ef84fbeec4a32feeda614097a38013', 2, 4, NULL, '[]', 0, '2020-09-15 16:09:49', '2020-09-15 16:09:49', '2021-09-15 16:09:49'),
('261392d46275acd8dc34d4ee7babc44cc58fa4479067c3c27fca0346e81141853b9f535c0feab4ba', 11, 4, NULL, '[]', 0, '2020-10-13 15:29:17', '2020-10-13 15:29:17', '2021-10-13 15:29:17'),
('270b1f68a0746279f2bd0acf1d0f2ace72efb164f4853406a39e8770ed8ce084f33e20aa245479cf', 1, 4, 'GNG', '[]', 0, '2020-09-09 15:51:55', '2020-09-09 15:51:55', '2021-09-09 15:51:55'),
('27ecfa8be1f86287c1da7ffe858728fcc5c91a8f1b51a18baae77f016b07ee77c7288428d8d87db2', 2, 4, 'GNG', '[]', 0, '2020-10-19 15:23:35', '2020-10-19 15:23:35', '2021-10-19 15:23:35'),
('2a099291978c71e9bb050f4672dcf73cabac9f56e1072dad17e9ea5430ec4e2ba18670b2b14d0c4b', 11, 4, NULL, '[]', 0, '2020-10-12 16:18:31', '2020-10-12 16:18:31', '2021-10-12 16:18:31'),
('2a22974cc329d33059359c7050fe8bfd2589b3d9e29329c6214a84caa9ee1840ec3952bd5654be2c', 6, 4, NULL, '[]', 0, '2020-09-21 18:28:22', '2020-09-21 18:28:22', '2021-09-21 18:28:22'),
('2bd09df5811e2ada235d445bc97a822594de3827b7b91ef740797356b8526caa361664cc8b18e981', 2, 4, 'GNG', '[]', 0, '2020-12-16 16:10:03', '2020-12-16 16:10:03', '2021-12-16 16:10:03'),
('2c838b77df9e8942f361d39cf67c53173f2ebbaf6972b10988f19a241b5a916a955eb23204710ec3', 2, 4, NULL, '[]', 0, '2020-09-20 06:21:27', '2020-09-20 06:21:27', '2021-09-20 06:21:27'),
('2d562b61ab184acbdf7b6f6754bd2eea4ebf7419156cbafad247e94bc399a49fb3fd186799c4e3a6', 6, 4, NULL, '[]', 0, '2020-09-21 18:18:53', '2020-09-21 18:18:53', '2021-09-21 18:18:53'),
('2dfb2f95b14130fe27d8d96cf66c695d3b92065f144922a76e4845f2dd7ae5042b6fea3a509ba649', 9, 4, 'GNG', '[]', 0, '2020-10-25 08:56:38', '2020-10-25 08:56:38', '2021-10-25 08:56:38'),
('2e44b01f47faae41bfb66ec80af65e87a0374d7fe5908774da6f81dc4c90df4a68a2c8c953e3628c', 1, 4, 'GNG', '[]', 0, '2020-09-07 18:53:27', '2020-09-07 18:53:27', '2021-09-07 18:53:27'),
('2e4e10b418fa4170b59b5dde84793298bfd6c2f8a490a60dd420170c8801a52adb820396d9009011', 10, 4, NULL, '[]', 0, '2020-10-12 10:03:39', '2020-10-12 10:03:39', '2021-10-12 10:03:39'),
('312891552a7583344d73ee49c9285bf2567a8f1b0d5b74a8090ca69ec5f9ad67bbf3134c320906ea', 2, 4, 'GNG', '[]', 0, '2020-12-16 16:10:11', '2020-12-16 16:10:11', '2021-12-16 16:10:11'),
('32c3b7fb9157aeaef2170bd8d7af4fb8afd035a910953d4b4a206c05c0c055b9ae8de7e8da4ec99c', 2, 4, NULL, '[]', 0, '2020-09-20 06:32:06', '2020-09-20 06:32:06', '2021-09-20 06:32:06'),
('33257f631b1bfbee8edc9f38ddba1251937649a4a95202918011db3b52561bef0c283b8c0bf08cc0', 2, 4, NULL, '[]', 0, '2020-09-17 17:09:21', '2020-09-17 17:09:21', '2021-09-17 17:09:21'),
('33678b1e89b7d5bf8d1c4bdec8ca75da1f971abf17c1919107089e0f7ff5963d60b0a1e4d08da2a6', 2, 4, NULL, '[]', 0, '2020-09-15 17:01:12', '2020-09-15 17:01:12', '2021-09-15 17:01:12'),
('349d7e7da55f74d6e6e9a7a97d99f08960a51fd0159bed7c77e550632f659f60b7cbb05a9ac852f0', 4, 4, NULL, '[]', 0, '2020-09-15 06:48:54', '2020-09-15 06:48:54', '2021-09-15 06:48:54'),
('369b98d7540020358993f82d2b4edbb714ca0ae53a49cbea72c81ac7414a7f637e8e7281d8a747dc', 2, 4, NULL, '[]', 0, '2020-09-20 06:35:59', '2020-09-20 06:35:59', '2021-09-20 06:35:59'),
('36f920217cffc2dfe8e3f1ad0b7b4e605b91b4f0be6cf9f5f208d6f2a7d6847c91b2fc0cf296be65', 2, 4, 'GNG', '[]', 0, '2020-10-26 17:38:22', '2020-10-26 17:38:22', '2021-10-26 17:38:22'),
('378fea44e13bf1bac9e063a1b0577d8f8ff9e6d4eb687109a879f5be0e515c8aa6ff082f72f6a98d', 10, 4, 'GNG', '[]', 0, '2020-11-01 06:38:24', '2020-11-01 06:38:24', '2021-11-01 06:38:24'),
('3802bee1f958212ebde7929a45a062f88c19de3314debe320ad5b00f86f5d6d933457b33d7308a67', 10, 4, 'GNG', '[]', 0, '2020-12-06 05:00:01', '2020-12-06 05:00:01', '2021-12-06 05:00:01'),
('385d8a6a3de9a82e33f8bab9cdd6bb94e4b4cd1e29e8c8fb2ce5c9ca68a166ffaf09444d0188ab13', 4, 4, NULL, '[]', 0, '2020-10-07 12:01:53', '2020-10-07 12:01:53', '2021-10-07 12:01:53'),
('38a2396c354b8ec5d75fdbf1276d16e5b6f1c7875f91ebf6bed5036e50d6e09297416f5187d835be', 9, 4, 'GNG', '[]', 0, '2020-10-16 13:30:09', '2020-10-16 13:30:09', '2021-10-16 13:30:09'),
('3940ae730cb00661d04aa41e6ea3b6dcdcacf88ec1ffb71bf7b8b194a787d9d50be347ef306e8c80', 10, 4, NULL, '[]', 0, '2020-10-12 09:43:38', '2020-10-12 09:43:38', '2021-10-12 09:43:38'),
('3b1c3eea144dccbf4d82c6e2e1eb6356e7d39ed579d338318e8a4e8648cf438b7574193fa0f9078f', 2, 4, NULL, '[]', 0, '2020-09-21 17:32:30', '2020-09-21 17:32:30', '2021-09-21 17:32:30'),
('3dcd1e84de2f406c6185859ea18943c663d9b20391426d99ae17cd28eede521d1338a707db4380c8', 2, 4, NULL, '[]', 0, '2020-09-21 07:27:22', '2020-09-21 07:27:22', '2021-09-21 07:27:22'),
('3eb495179b68385eadd74c529a305ff579b9aca494194740c027504d10919ff1e8c5671f3b17602e', 19, 4, 'GNG', '[]', 0, '2020-12-22 11:34:23', '2020-12-22 11:34:23', '2021-12-22 11:34:23'),
('3ee378d16c0985b7d43a65ea25ca7fbd15da2f8a8c565add33e657094ca475bfd89af46756853457', 4, 4, NULL, '[]', 0, '2020-10-07 12:01:06', '2020-10-07 12:01:06', '2021-10-07 12:01:06'),
('415bbb256eefc85ae5ae1a5526e65733007179bba9f6bb55ef0d876b71cc0518aca285bcc0bf2d69', 5, 4, NULL, '[]', 0, '2020-09-20 07:28:44', '2020-09-20 07:28:44', '2021-09-20 07:28:44'),
('4220d89db8df2d148a6c0b52574a5c7200ff34df2146b158173734b93bc4648a90c463065555edac', 2, 4, 'GNG', '[]', 0, '2020-11-01 05:36:25', '2020-11-01 05:36:25', '2021-11-01 05:36:25'),
('4403e8bd5cc5f3afc0f5e4d90f333531f85c361cd88616f9e88c8567d9f32ed607dee08a4f78702c', 14, 4, 'GNG', '[]', 0, '2020-10-23 16:24:00', '2020-10-23 16:24:00', '2021-10-23 16:24:00'),
('440b942848fcef31d15950fca6df89a9b561c66e5611da89229bc7d33424b008f6291cbcc28fa530', 2, 4, 'GNG', '[]', 0, '2020-11-06 17:48:15', '2020-11-06 17:48:15', '2021-11-06 17:48:15'),
('440c23f45a7ffbd1f780bfab65d7084f23c3436147f74f3a1ee69a9932407c71dc38cf8b58d99fef', 5, 4, 'GNG', '[]', 0, '2020-10-25 08:57:17', '2020-10-25 08:57:17', '2021-10-25 08:57:17'),
('44a03ba65b10c052b0ed1e5eb292b4cd4ab1db6942b2b51494b9115e62e6ee05a446db7fc22aa541', 9, 4, NULL, '[]', 0, '2020-10-11 05:51:48', '2020-10-11 05:51:48', '2021-10-11 05:51:48'),
('44e73667b4e8fd9573edf32bd049f2942ed5a2c88ed5c2fb38512b657538327e5e4a90ae1f4bc1d5', 9, 4, 'GNG', '[]', 0, '2020-10-25 07:12:32', '2020-10-25 07:12:32', '2021-10-25 07:12:32'),
('452a83a52663fec5dd92cd8ecc733462c8eb5f9016729dc5b7344195b55e50797524e1e4565a309a', 6, 4, NULL, '[]', 0, '2020-09-21 18:03:12', '2020-09-21 18:03:12', '2021-09-21 18:03:12'),
('45f631dc84aecf09866b91b06454efb4af0b263d2ff3a59b48e8a473cfcc2295facefdead73ef0b1', 1, 4, NULL, '[]', 0, '2020-09-29 13:02:08', '2020-09-29 13:02:08', '2021-09-29 13:02:08'),
('4845c676bc1d9f2aca97477066531227f01aed1502955be3a3c9df49a9a6c63e3d24d08280531c30', 10, 4, NULL, '[]', 0, '2020-10-12 09:41:33', '2020-10-12 09:41:33', '2021-10-12 09:41:33'),
('48ed004c7a270175277265c415b96516f3e77dc8561f2b67262d90d15c6ab27bf664dba50a491bac', 4, 4, NULL, '[]', 0, '2020-10-07 12:01:48', '2020-10-07 12:01:48', '2021-10-07 12:01:48'),
('4a03dbe9a2a0b4f1cd3b55068cd8fb09f38081f84b29640393700fd69bbd0132ddff545db06e6382', 2, 4, 'GNG', '[]', 0, '2020-12-16 16:28:42', '2020-12-16 16:28:42', '2021-12-16 16:28:42'),
('4a1309508dc2591956e7577a42ee5bad525d3f5c477e318e52aa43c0e7d74733b250622338f0de79', 2, 4, NULL, '[]', 0, '2020-09-20 06:32:12', '2020-09-20 06:32:12', '2021-09-20 06:32:12'),
('4bb104ee1d7b8f8316eb846e371b855873c1d024fe4cd47ac4a488c3389a6021dc705fd0e45f9552', 1, 4, NULL, '[]', 0, '2020-09-13 08:23:50', '2020-09-13 08:23:50', '2021-09-13 08:23:50'),
('4c90f1a21a0d527db5d3411c5b3e44a9e93fabc0817845f236acc500550329b9229e7b82502c5446', 1, 4, NULL, '[]', 0, '2020-09-13 08:42:37', '2020-09-13 08:42:37', '2021-09-13 08:42:37'),
('4d5fd14ef08a439eef96e24aab745da0f1f037dd26af8f30132cbe9841754a58750f9a1a09bfa675', 1, 4, NULL, '[]', 0, '2020-10-13 11:07:22', '2020-10-13 11:07:22', '2021-10-13 11:07:22'),
('4dcccd550572083662732b3e044953983c53c1e3fab15121abd08afb676875030729808035d3fcfd', 2, 4, 'GNG', '[]', 0, '2020-12-11 18:39:55', '2020-12-11 18:39:55', '2021-12-11 18:39:55'),
('50de12da98dfb0d8afd01e394330e5cd4c736dde4c6df7f916fa84598291589a7171562f8cecb31b', 1, 4, NULL, '[]', 0, '2020-10-11 05:52:37', '2020-10-11 05:52:37', '2021-10-11 05:52:37'),
('511bc3cb0b59283d7620fd6c6b85ede66b02f84e55ea6d64f53aa3163f6bc0a2eacfd302b5343b68', 7, 4, NULL, '[]', 0, '2020-09-22 06:58:21', '2020-09-22 06:58:21', '2021-09-22 06:58:21'),
('5314b7ccc56b8b8484531f379ffb770fbd93ec465d0f0694d7963a8f7513c671000f7589788b590a', 11, 4, NULL, '[]', 0, '2020-10-14 05:57:10', '2020-10-14 05:57:10', '2021-10-14 05:57:10'),
('53285aea3d799083c062f0883183511dd198e8f0b4f5e9c3e860cf841a1543e79a7325e7f28b464a', 10, 4, 'GNG', '[]', 0, '2020-12-04 11:50:23', '2020-12-04 11:50:23', '2021-12-04 11:50:23'),
('533fbf7102ff4b237cea4a5df149a8d902e6d5eb42a588268d48c785e16612c601babbdd5b999524', 16, 4, 'GNG', '[]', 0, '2020-12-13 06:04:36', '2020-12-13 06:04:36', '2021-12-13 06:04:36'),
('54fe509e7ba8f3def4592f3ad668d440becbb6853cf31f189c528738681bbe7a8015aeee5a4239b6', 9, 4, NULL, '[]', 0, '2020-10-10 13:21:58', '2020-10-10 13:21:58', '2021-10-10 13:21:58'),
('563d36b97cacef0931848faa576e0296e3ec10cb1cc5174f3a5a6f29b050bc2d4e43a4d6fc33371c', 2, 4, NULL, '[]', 0, '2020-09-20 06:37:02', '2020-09-20 06:37:02', '2021-09-20 06:37:02'),
('57f85273128d230ed97f4d6d5dded43ea3f8b5a6b1334c6142c9e3e3abbe77235cb39ae4137a067d', 9, 4, 'GNG', '[]', 0, '2020-10-27 10:26:58', '2020-10-27 10:26:58', '2021-10-27 10:26:58'),
('58c7b325ed37b763fadd5f783a8eecf13fde4cb52336c18754d37b990c6a1e5fb5a93b3612999adb', 9, 4, NULL, '[]', 0, '2020-10-12 12:18:19', '2020-10-12 12:18:19', '2021-10-12 12:18:19'),
('591601c0e0fbb105298c556f824ba0ea2168bf343e28af735cc0d5a567873319eed9846e7c4792ea', 9, 4, 'GNG', '[]', 0, '2020-10-18 05:50:54', '2020-10-18 05:50:54', '2021-10-18 05:50:54'),
('5a7cd17bd01d8cbf846a2f9cf6c6640cd221a2e78e299f67c1ef2b44ac17e0a3c2a6055639ac4b53', 10, 4, NULL, '[]', 0, '2020-10-12 09:59:29', '2020-10-12 09:59:29', '2021-10-12 09:59:29'),
('5b019ce45489e12f47d2b61622b6cd576df7de49021cc0769a8f1ec3d1b47c6bf152b2fe0c5b1bfd', 4, 4, NULL, '[]', 0, '2020-10-02 09:26:40', '2020-10-02 09:26:40', '2021-10-02 09:26:40'),
('5b475c0f48661c773a04d39e6a4c96cd75637b4068552e24f4c9d1fdbc5f17b38e3cec6008a9012e', 4, 4, NULL, '[]', 0, '2020-10-07 12:01:30', '2020-10-07 12:01:30', '2021-10-07 12:01:30'),
('5b8d7d18aaef8c0d640d3c79d5aced75be8082f7e0eed4520c466d6c6108f37138645e9f610a9569', 4, 4, NULL, '[]', 0, '2020-10-07 12:01:46', '2020-10-07 12:01:46', '2021-10-07 12:01:46'),
('5cdb0837411ed350bd25ea65560b8caee0ba1c269b5e991a3c3b0311c2b59ef33bdec4ef1ae53da4', 15, 4, 'GNG', '[]', 0, '2020-10-23 16:28:22', '2020-10-23 16:28:22', '2021-10-23 16:28:22'),
('5d168b763719b461fb7379df6f78b3f5857b77d7e5d1e4cdf6fb74721255904ef7a22afe72c8690c', 1, 4, 'GNG', '[]', 0, '2020-10-23 16:18:49', '2020-10-23 16:18:49', '2021-10-23 16:18:49'),
('5efd21e41b5192fbdce4f9ad7018aefdcde0125b841af11a7cd28c7448f23b122417647b0b9aadb3', 1, 4, 'GNG', '[]', 0, '2020-09-09 15:49:20', '2020-09-09 15:49:20', '2021-09-09 15:49:20'),
('5fbc8b9d99e28bffc8ecae17ae5f0919a9f9e87e7e823175b7ab44370cf6d5b6c67e9eaf8ac00d66', 2, 4, NULL, '[]', 0, '2020-09-14 16:58:51', '2020-09-14 16:58:51', '2021-09-14 16:58:51'),
('6135e3d4f56ab7727befb7c0d993ef16addf38fc08070969f78e5baa0c9717736cfa7f37156d679a', 1, 4, 'GNG', '[]', 0, '2020-10-23 16:22:38', '2020-10-23 16:22:38', '2021-10-23 16:22:38'),
('62c9ad583a46b963c92157dd3d4fac616c5c17dfd9e7f3dc18620f6597b099aec256a54e39a5b561', 10, 4, NULL, '[]', 0, '2020-10-12 09:39:07', '2020-10-12 09:39:07', '2021-10-12 09:39:07'),
('62df4414a85a6fcb11fbd10681f9345531d3d56f18139c8460a2168bf6c5c2b2ce384c8d7124ca30', 1, 4, 'GNG', '[]', 0, '2020-10-19 18:31:53', '2020-10-19 18:31:53', '2021-10-19 18:31:53'),
('660b36ac364ef38b8a7355ae724d6b3b6d43502eb60fa7c790e7b7b458d126bf4cc6e47403b25aa6', 16, 4, 'GNG', '[]', 0, '2020-10-29 17:18:43', '2020-10-29 17:18:43', '2021-10-29 17:18:43'),
('670490c510501ed6a887284906e7f0f6b752f835b888538b1b3a278ddf38111bbb3bb6c0001a209e', 10, 4, 'GNG', '[]', 0, '2020-10-31 09:26:41', '2020-10-31 09:26:41', '2021-10-31 09:26:41'),
('6750ce03a01b353ae6a9969e66daa0110da1e818a8bc55218bdc314d777a0eedf143fd84716ad631', 11, 4, 'GNG', '[]', 0, '2020-10-18 17:55:12', '2020-10-18 17:55:12', '2021-10-18 17:55:12'),
('68d3d094b1bc6605f4f6e3cb773144f5d2d338986191a93666e216a49098e85393c955be89638eb5', 2, 4, NULL, '[]', 0, '2020-09-20 06:28:00', '2020-09-20 06:28:00', '2021-09-20 06:28:00'),
('6b15d6149387d4054368f0dd8cec811679ad3dcc9800c2138e850258e9fbe5d7e026b1f5df17a895', 6, 4, NULL, '[]', 0, '2020-09-21 18:18:28', '2020-09-21 18:18:28', '2021-09-21 18:18:28'),
('6b6e32d6fae4f427763b0a206318a2acfd8595420832137b923b744f76e844a999fe735f0f6b8c80', 15, 4, 'GNG', '[]', 0, '2020-10-23 16:27:00', '2020-10-23 16:27:00', '2021-10-23 16:27:00'),
('6c0f9f78976d32bbfd9c570b5132f2751529dad5bb5d55621d2a4ea2cf686f2e8a15e772303bb184', 10, 4, 'GNG', '[]', 0, '2020-11-01 07:29:16', '2020-11-01 07:29:16', '2021-11-01 07:29:16'),
('6c1725182f603370b9b5b1575be2432d50f94fdbebcda04e553ce7f0acd1d8a261335c48bc1fce8d', 2, 4, NULL, '[]', 0, '2020-10-12 18:01:55', '2020-10-12 18:01:55', '2021-10-12 18:01:55'),
('6ccc9ad7ca279322cf27e546a32a28966fb181221a3ba96130f1bf3446ea2a436ed654f4129b19af', 2, 4, 'GNG', '[]', 0, '2020-10-21 17:19:08', '2020-10-21 17:19:08', '2021-10-21 17:19:08'),
('6d31dc1f8acb6d4ff34969cadd4ee9877ee89d8daf029ca838b8c3728207e5fa663243273545a352', 2, 4, 'GNG', '[]', 0, '2020-10-19 19:27:04', '2020-10-19 19:27:04', '2021-10-19 19:27:04'),
('717ff329e12b34c94132ac50cda9cc0a9020f793995233377ccc8d06313a89d1b763124557f7ca5b', 4, 4, NULL, '[]', 0, '2020-10-07 12:01:45', '2020-10-07 12:01:45', '2021-10-07 12:01:45'),
('71a3fc673f170cbb9e75704d75634fb3804b05e83f523f2ddb425729df37ff2b26017ffcdd5173b2', 4, 4, 'GNG', '[]', 0, '2020-11-28 05:18:32', '2020-11-28 05:18:32', '2021-11-28 05:18:32'),
('71a9fb1acd868bd4049cb9abcfcf4fb26266611497d22b10fdb5954f7ff1bc77aec2cf4dd477b545', 2, 4, 'GNG', '[]', 0, '2020-10-18 08:20:16', '2020-10-18 08:20:16', '2021-10-18 08:20:16'),
('75271b1ab509de34c0ba874d5aebab36660645bd33e2730734749f3928dea75e524d8f189407b220', 2, 4, NULL, '[]', 0, '2020-10-11 17:46:33', '2020-10-11 17:46:33', '2021-10-11 17:46:33'),
('7531fe450b39cf2b74c12ed95dbda520ff50868d3288d8b7b2655ed02f943f0434359fefc7cfa245', 9, 4, NULL, '[]', 0, '2020-10-12 08:42:08', '2020-10-12 08:42:08', '2021-10-12 08:42:08'),
('768a57eb1ad19e33c71bff5641dc93118268e55254a7fa3b954f1eb42666360345296fc2cf92280b', 9, 4, NULL, '[]', 0, '2020-10-11 06:59:26', '2020-10-11 06:59:26', '2021-10-11 06:59:26'),
('778f64ac63d151d6753b0adf0520e505d5b1dfe7fac29028f50fa276d5185abe4e69ffbc86922933', 2, 4, 'GNG', '[]', 0, '2020-12-13 06:20:43', '2020-12-13 06:20:43', '2021-12-13 06:20:43'),
('7c50b0d8ff91076255fdffca8afa090c1f368ed9af950f446f96d4ee4b25809185fc574811403ae6', 1, 4, NULL, '[]', 0, '2020-09-13 08:23:56', '2020-09-13 08:23:56', '2021-09-13 08:23:56'),
('7d220e2092146be5e46367f5afdf5a654148d5d51919d7fe437e9a9524f8c8d2fac46fc9f128155b', 11, 4, 'GNG', '[]', 0, '2020-10-28 17:30:24', '2020-10-28 17:30:24', '2021-10-28 17:30:24'),
('7e64f01d4f83087282ae6b881fd73b892088f54761e467350c2ce0d2840e080766d2cbf4c11e252e', 9, 4, NULL, '[]', 0, '2020-10-10 13:25:50', '2020-10-10 13:25:50', '2021-10-10 13:25:50'),
('7fc168ad6345319564639e7d83adf48bfc513cf7f0466686fd9f56993fd673237de20944798916ca', 4, 4, NULL, '[]', 0, '2020-10-03 05:11:18', '2020-10-03 05:11:18', '2021-10-03 05:11:18'),
('8105138528ce476b0875548952eaf47b2066aa31f2726801e4ff50b13557cbabbb80c1e6c72badc0', 10, 4, 'GNG', '[]', 0, '2020-12-07 10:40:43', '2020-12-07 10:40:43', '2021-12-07 10:40:43'),
('8166ccbab6e75c1796228313aae0d580c9381ca6df18eda9d4988816423736b9afa789446316a95b', 25, 4, 'GNG', '[]', 0, '2020-12-21 11:12:25', '2020-12-21 11:12:25', '2021-12-21 11:12:25'),
('81976f9517d241b3bc04ab6a1342674a5b0b8008100bee9ae34deed716ec5468f0c96175ad223715', 10, 4, NULL, '[]', 0, '2020-10-12 09:53:58', '2020-10-12 09:53:58', '2021-10-12 09:53:58'),
('81d617eea3ef5f0ae039ea3839071d8e76745a2caa722bb973d6c95f3824b1f49223113b62c5d165', 9, 4, NULL, '[]', 0, '2020-10-11 05:54:05', '2020-10-11 05:54:05', '2021-10-11 05:54:05'),
('824e6b2c8603b814248f84f61191ef22016d7aab4e83b82258604b340116de66786e5b1abdd15d90', 2, 4, NULL, '[]', 0, '2020-09-15 16:35:10', '2020-09-15 16:35:10', '2021-09-15 16:35:10'),
('8275f58280118f9350f9f18b41494111af3164e8b3b3504c0263c58d6bbbf48352d7142aaf88a9ae', 4, 4, NULL, '[]', 0, '2020-10-07 12:01:02', '2020-10-07 12:01:02', '2021-10-07 12:01:02'),
('831413c35b802573c41c37eba7536bb2608e1207b1b149151729877f9eedd91e1dd527434481d6d5', 2, 4, 'GNG', '[]', 0, '2020-12-18 23:02:32', '2020-12-18 23:02:32', '2021-12-18 23:02:32'),
('85e14892fd41fc6e85f2fe063fb4828120afb500f8c58a9a85ba4300aa2ba7ee42b548991bff3953', 9, 4, 'GNG', '[]', 0, '2020-10-25 08:56:29', '2020-10-25 08:56:29', '2021-10-25 08:56:29'),
('89f38a1e926d0bb631f470631bb28e774b2ddd7e2f93637575589aa4dfe5baca5c5ea8939872d00f', 10, 4, 'GNG', '[]', 0, '2020-10-27 10:30:11', '2020-10-27 10:30:11', '2021-10-27 10:30:11'),
('8a1718e28138e1225330cc75a6fc0c01dbb5f2d48aa388ea799cf540663e3b2bdc09def8a38cdccc', 4, 4, NULL, '[]', 0, '2020-09-17 12:02:41', '2020-09-17 12:02:41', '2021-09-17 12:02:41'),
('8a683cac7c8360b482c77c0819e6b79bc73188d68269827f2196da100d0f2b04127eda13ed5b33ca', 1, 4, NULL, '[]', 0, '2020-10-11 13:08:12', '2020-10-11 13:08:12', '2021-10-11 13:08:12'),
('8bd64872a5a4f8d58a7947eebc3010018ab86c4c60c32f7b4e126c87f88eb510e97c2635d974d65c', 3, 4, 'GNG', '[]', 0, '2020-12-21 22:05:54', '2020-12-21 22:05:54', '2021-12-21 22:05:54'),
('8d27d6651dbeee0a159df5ebaa75401a3144322779c0f9dca8caf4c002c8246088df3ae73a8dd344', 19, 4, 'GNG', '[]', 0, '2020-12-18 11:00:24', '2020-12-18 11:00:24', '2021-12-18 11:00:24'),
('8e78cf86bd037e47194fef6d4dca222679aad95945781baba9ae0f411701022c3e646c825ba4bbdf', 15, 4, 'GNG', '[]', 0, '2020-10-25 04:59:32', '2020-10-25 04:59:32', '2021-10-25 04:59:32'),
('8ecbcec3949e232f5f9af3d4d8bb41ab386eeeadc005adafc3848739137c3a36bee3089ce5bbe3d2', 2, 4, NULL, '[]', 0, '2020-10-13 11:18:24', '2020-10-13 11:18:24', '2021-10-13 11:18:24'),
('8f2b70bdbc987cda66d57df05eddc3e0306463c81225d0a9653dcf21b5203e7bf876dc9fcef8b9be', 10, 4, NULL, '[]', 0, '2020-10-12 10:03:53', '2020-10-12 10:03:53', '2021-10-12 10:03:53'),
('8f952058e6cca60c58a56a2176e11d0c66d3ad4851ae92a670fd3883a76b12eb6b8438675dcbe41f', 10, 4, NULL, '[]', 0, '2020-10-12 09:40:22', '2020-10-12 09:40:22', '2021-10-12 09:40:22'),
('917f6220ade07fd5bc76cd25e9203af8f478ea7236d531275d09837dfd44e07c885c3a5a10970cab', 2, 4, 'GNG', '[]', 0, '2020-10-23 16:39:27', '2020-10-23 16:39:27', '2021-10-23 16:39:27'),
('91e0ac4be19409e3d1aeb0e7c3568d2c0b2a9ac5b56b8d40ff350470a740f3afbc2559f2333f81ba', 17, 4, 'GNG', '[]', 0, '2020-12-19 10:39:55', '2020-12-19 10:39:55', '2021-12-19 10:39:55'),
('96dc6d5a540385f87b2b02e4f3cd9defb420e70eda0f317c490bc38cbdd829de58889d77576b41c2', 1, 4, 'GNG', '[]', 0, '2020-09-09 16:06:42', '2020-09-09 16:06:42', '2021-09-09 16:06:42'),
('983dc770a7247d093707fbe66f05cb16f9c911f37cee3ce6f541581e1c274b7c830622130b3dd3be', 1, 4, 'GNG', '[]', 0, '2020-10-19 18:12:09', '2020-10-19 18:12:09', '2021-10-19 18:12:09'),
('984243b15b17e10a86eedb7e665cb29e64a70db0d53e831de523153133ed751bbb8d3b9e801b18ae', 2, 4, NULL, '[]', 0, '2020-10-12 17:28:16', '2020-10-12 17:28:16', '2021-10-12 17:28:16'),
('9a04311967d6253944418d81accb2f448e891715ad91b51adbb36f35c2586614650603fb0de1bbf0', 2, 4, NULL, '[]', 0, '2020-09-20 06:24:11', '2020-09-20 06:24:11', '2021-09-20 06:24:11'),
('9b3316830c429e3bd5da432001f98c28fd221985952ff14fb22473eea404aae6275fd77632a5c686', 19, 4, 'GNG', '[]', 0, '2020-12-12 05:37:48', '2020-12-12 05:37:48', '2021-12-12 05:37:48'),
('9d115a84a9720ce29dfd98b9aa3ae0a20a9b5943c8d2a9f6fc51d8d3b6e9b42c0f75f1bf52a5462e', 11, 4, 'GNG', '[]', 0, '2020-11-26 09:39:04', '2020-11-26 09:39:04', '2021-11-26 09:39:04'),
('9d11f5b1767e3fe4f4e6237aef773b6689154c0b62b0037d475b1105ad438ec5592234c2c3ac6f35', 1, 4, NULL, '[]', 0, '2020-09-19 10:17:35', '2020-09-19 10:17:35', '2021-09-19 10:17:35'),
('9d9adbd8732bc85a178224f8ef23799336ed6b0ad75754a57179b795f5c384145f0730cc29c6b2dc', 11, 4, NULL, '[]', 0, '2020-10-12 16:09:18', '2020-10-12 16:09:18', '2021-10-12 16:09:18'),
('a26a6aadee719b7cd32df20e74c30a25f7dc2bf159bf2e65a7696fd3b0e9e27e567a708a8f560a77', 10, 4, NULL, '[]', 0, '2020-10-12 09:45:51', '2020-10-12 09:45:51', '2021-10-12 09:45:51'),
('a70399b3116fcffe088e773c617e643c75edd685df1f63d383a1c7971a702b415f036e8178b79090', 9, 4, NULL, '[]', 0, '2020-10-11 05:47:23', '2020-10-11 05:47:23', '2021-10-11 05:47:23'),
('a8f89038100008744b3d8f19d95c56a24e5cbcfb1d365bc32fe26d7c5e2293978723a00a55f5a1c5', 10, 4, NULL, '[]', 0, '2020-10-12 09:47:48', '2020-10-12 09:47:48', '2021-10-12 09:47:48'),
('a96df98f25f66cd282b40632b3ae6c909dd3fa0b2b376e505694ccaafc88b7c9471483276c7fd940', 4, 4, NULL, '[]', 0, '2020-10-07 12:01:04', '2020-10-07 12:01:04', '2021-10-07 12:01:04'),
('aa8a7b260379f55926356ba5c639e131675f4ef7251c117a5b0b4c03c965e70681e702248044a7cb', 10, 4, NULL, '[]', 0, '2020-10-12 09:46:44', '2020-10-12 09:46:44', '2021-10-12 09:46:44'),
('ab023ccd106745aed20ac4c92ec94f0a7de99c1a8dc7968e011cff60ae947c02a9d677edfc477305', 9, 4, NULL, '[]', 0, '2020-10-12 12:22:25', '2020-10-12 12:22:25', '2021-10-12 12:22:25'),
('ab627572a943b77099e81583944d89fab850eab28c6b40398d85267c768371c8c4e8b1e0e700c17c', 19, 4, 'GNG', '[]', 0, '2020-12-17 10:55:38', '2020-12-17 10:55:38', '2021-12-17 10:55:38'),
('ae82fdb227eafd4f3c7d0933f2322b80b135c046cff1f8639430dae6f16bf1ad3a520a071a25f97a', 2, 4, NULL, '[]', 0, '2020-10-12 17:39:06', '2020-10-12 17:39:06', '2021-10-12 17:39:06'),
('ae8e704a99446f0800cdbe540f64b98d7b67ee3bfd7d75286680d48bb064c5f801f908326446c26f', 10, 4, NULL, '[]', 0, '2020-10-12 11:27:15', '2020-10-12 11:27:15', '2021-10-12 11:27:15'),
('b417ac18b31c4595d6c0ab65572a54122db03b199fc5c7b64b64f9ab61405680b52f54d40f5950d5', 11, 4, 'GNG', '[]', 0, '2020-10-30 16:35:55', '2020-10-30 16:35:55', '2021-10-30 16:35:55'),
('b54b5b8fe8d4f2caf10b0781a99c1fb1d0fbfeb6a7b0b301ca026228a1d460db3dc44d3c23d7b878', 1, 4, 'GNG', '[]', 0, '2020-09-10 16:35:28', '2020-09-10 16:35:28', '2021-09-10 16:35:28'),
('b58071b73d6a8eb01964f1ed1fdf6febd482d83b7300445671cf67462fc45d8294ef4ee5b0946e6e', 26, 4, 'GNG', '[]', 0, '2020-12-22 09:49:41', '2020-12-22 09:49:41', '2021-12-22 09:49:41'),
('b75f6050da9eeb272a16222dd1551eeda669385d4428efa9cc71066d0f4716ac0a9d3d550b148b51', 4, 4, NULL, '[]', 0, '2020-09-22 06:53:41', '2020-09-22 06:53:41', '2021-09-22 06:53:41'),
('b963ba11c09e1229063e3f626d7005827359d63b95e2ee86918f5c5460b800b98c5dd3ab1485aa7d', 1, 4, 'GNG', '[]', 0, '2020-10-19 18:32:42', '2020-10-19 18:32:42', '2021-10-19 18:32:42'),
('ba5b3287e329d1b9b2c1eb7cf070455b29e3f5bdacd352461996d65e16eafd22d0ff77745e6d9968', 3, 4, 'GNG', '[]', 0, '2020-12-18 22:22:56', '2020-12-18 22:22:56', '2021-12-18 22:22:56'),
('ba629383d835b24d6d8ba815e7011b97b240e68e0796835047c51fa55952d6373a3ecb74a22324c7', 8, 4, NULL, '[]', 0, '2020-09-22 17:26:07', '2020-09-22 17:26:07', '2021-09-22 17:26:07'),
('bae9ab02d2ba260412b9ee97742ee0fe7e5328fe07d9ebc27a85f176e68f419693866f1348a33db8', 1, 4, 'GNG', '[]', 0, '2020-10-19 17:48:27', '2020-10-19 17:48:27', '2021-10-19 17:48:27'),
('bb7c348dae72ad7863613f15ea22f88d773fd43334af733340396ff923f6bad7bd0c9065d10716fb', 5, 4, NULL, '[]', 0, '2020-09-20 07:27:31', '2020-09-20 07:27:31', '2021-09-20 07:27:31'),
('bc2f3e6942e104ccad7557401837294e02d0ea67f668a3a801c2027542a5bd0b442bac868ecacd4c', 6, 4, NULL, '[]', 0, '2020-10-03 05:20:52', '2020-10-03 05:20:52', '2021-10-03 05:20:52'),
('bc3325d262d0f37afb0440e7b6926147e0dba77a4c106ea4b445cc40af6858fab57c835063111219', 10, 4, NULL, '[]', 0, '2020-10-12 11:15:13', '2020-10-12 11:15:13', '2021-10-12 11:15:13'),
('bcf19cc3ac82a5d4657e0eb40defc4cc12476e4c5f9fb30ca6c323b8ca87d415c1df5109359a04dc', 2, 4, NULL, '[]', 0, '2020-09-20 04:45:26', '2020-09-20 04:45:26', '2021-09-20 04:45:26'),
('bd0d5cb3843e9c8bdec9cc50c170e8989312af425c075891a8b5b805e4290332aa5c29acdfcefca5', 4, 4, NULL, '[]', 0, '2020-10-07 12:01:54', '2020-10-07 12:01:54', '2021-10-07 12:01:54'),
('bd4495a13a56b38fd6f485754a907ecf45ade1e788dd595120c52f0eca33dbefbfabfccb45994115', 10, 4, NULL, '[]', 0, '2020-10-12 10:12:37', '2020-10-12 10:12:37', '2021-10-12 10:12:37'),
('bd681b647486e7bbea7b41e029890baca123eea09e23a8bfc7f21a9f69e838bf1aea7865740d8354', 2, 4, NULL, '[]', 0, '2020-09-13 09:00:17', '2020-09-13 09:00:17', '2021-09-13 09:00:17'),
('be1323e31eaac688906b54f0f99608b9f659e86f0796b74e69a7a5aa6691a1e6baf6eb8ae6e9c321', 17, 4, 'GNG', '[]', 0, '2020-12-19 10:27:12', '2020-12-19 10:27:12', '2021-12-19 10:27:12'),
('bfdf5a32ca14ecaa84da6757e9c49e9b72d2f5a2fdf65e78f7abd73bdc3ea7589263127e8b5f6156', 16, 4, 'GNG', '[]', 0, '2020-12-20 13:03:42', '2020-12-20 13:03:42', '2021-12-20 13:03:42'),
('bff39deea1c3c24af2220d48337f4dfdf28d27b84401496dba28e8618c58d3cc1810b01921fd322c', 4, 4, NULL, '[]', 0, '2020-10-12 11:27:37', '2020-10-12 11:27:37', '2021-10-12 11:27:37'),
('c3cf436e675609196159f9e35f3b8747edcfcbbe351dbbe4d5925525a64b4fee889aca23e30cf3a7', 10, 4, NULL, '[]', 0, '2020-10-12 09:48:04', '2020-10-12 09:48:04', '2021-10-12 09:48:04'),
('c6dab63c67bfa89ce73bc94c83bc9973acd358d232009d80799db35b0250fda1b40aa66da2df4b54', 11, 4, NULL, '[]', 0, '2020-10-13 16:45:55', '2020-10-13 16:45:55', '2021-10-13 16:45:55'),
('c9597d1b11140d6d226f2046eee65e6c0d3898cd1344e41b74467f7616a04331a178bd9dc561cdb9', 6, 4, NULL, '[]', 0, '2020-09-21 18:18:36', '2020-09-21 18:18:36', '2021-09-21 18:18:36'),
('ca849cd2cb94b69f0d0ff99f2e68ab07cc1dd67d2033a4a78cd817eda6de52fd9b13a9f263865510', 1, 4, NULL, '[]', 0, '2020-09-13 08:41:44', '2020-09-13 08:41:44', '2021-09-13 08:41:44'),
('cc516cfb4da54f58429d15479cd78efe3e9893e28ba8748bdf6b316dc060302469cf9356f7afb6ad', 10, 4, NULL, '[]', 0, '2020-10-12 10:33:47', '2020-10-12 10:33:47', '2021-10-12 10:33:47'),
('cd507937e2dd13e2681aebef9109451aa65593d243267556802440661dc26ffd1a08ea13f78c24ee', 2, 4, NULL, '[]', 0, '2020-09-17 16:35:03', '2020-09-17 16:35:03', '2021-09-17 16:35:03'),
('cd6afcabdc9f5c5a1601465e421f6ba2efb826acd35d216814a8e3c50b9a62abd8b6de080ec8ff5d', 4, 4, NULL, '[]', 0, '2020-10-07 12:01:50', '2020-10-07 12:01:50', '2021-10-07 12:01:50'),
('ce76b21c38948245fe0d2a8fb22c8d0667a8ebbb1938914a93c83a4e940d700c93f805d0ab1158ee', 9, 4, 'GNG', '[]', 0, '2020-10-25 08:57:02', '2020-10-25 08:57:02', '2021-10-25 08:57:02'),
('d349e50dfc863134bda4b9bf5cabbb2c04a34a61774027330a97a5709de2232d5974219def6618c6', 5, 4, NULL, '[]', 0, '2020-09-20 07:29:06', '2020-09-20 07:29:06', '2021-09-20 07:29:06'),
('d3a997a8d9843026945184258d006b655911521c4a2efd76de0ab71cbe85bde7118e07b19d838812', 1, 4, 'GNG', '[]', 0, '2020-09-09 17:24:44', '2020-09-09 17:24:44', '2021-09-09 17:24:44'),
('d5868efc29b8a0df6b1c2d5f524a4ea9c74200edeab501b240c70be7cbc6dd726994b284baf93a8e', 16, 4, 'GNG', '[]', 0, '2020-10-29 18:00:57', '2020-10-29 18:00:57', '2021-10-29 18:00:57'),
('d5d1001e03e27dc2e4ea8e5bf86746ba04d270e4248b8dc6ae293a664fcfddb3d72fdcbbeeceeddd', 10, 4, 'GNG', '[]', 0, '2020-10-31 11:38:13', '2020-10-31 11:38:13', '2021-10-31 11:38:13'),
('d87bc2e68a7b3787a2b8f9d2398b7dee316fe57188ba7dec53133f484bbff04b83052ceed4be0ea1', 4, 4, 'GNG', '[]', 0, '2020-10-25 05:39:20', '2020-10-25 05:39:20', '2021-10-25 05:39:20'),
('d9e7af4c4f97f885e03c4b216e868feada0f07b1aec004f23a2e4923ad2d2e179fb400d5d4e576a4', 10, 4, 'GNG', '[]', 0, '2020-10-24 13:01:41', '2020-10-24 13:01:41', '2021-10-24 13:01:41'),
('dccbf5a5f5e76d5765f2a7740bfec9834d309332b57aaecee4b4ed36232033591ab500686336819f', 1, 4, NULL, '[]', 0, '2020-10-12 16:08:25', '2020-10-12 16:08:25', '2021-10-12 16:08:25'),
('dcea89049af367286c2d625e9706c0dae4723714d1fb6bd36f8f7b7cdab3723410452c99d86174d0', 1, 4, NULL, '[]', 0, '2020-10-11 13:34:56', '2020-10-11 13:34:56', '2021-10-11 13:34:56'),
('dd6778694cb1ab08dca2c50190eddf30eafe7f6b9d6297ccac5178e8cc481d200491de10a1db6b66', 9, 4, NULL, '[]', 0, '2020-10-10 13:24:06', '2020-10-10 13:24:06', '2021-10-10 13:24:06'),
('df6a74b0c43e4e0f40d30c81527dc5915f5f868ce30a5d84e041a550c72e387900d6f37272c6c74a', 6, 4, NULL, '[]', 0, '2020-09-21 18:10:08', '2020-09-21 18:10:08', '2021-09-21 18:10:08'),
('e1f5ef41a35fe26d775fa10aba7ddf6b8169f915fba73674a29c9bdb8e597b85b1371c47cb193da1', 10, 4, NULL, '[]', 0, '2020-10-12 09:55:15', '2020-10-12 09:55:15', '2021-10-12 09:55:15'),
('e442fa4a60196f40f7b290b5d157a9a570596ae8ea486fbe59903a9c79d9cec93be681a30cba9a85', 2, 4, NULL, '[]', 0, '2020-09-21 07:25:35', '2020-09-21 07:25:35', '2021-09-21 07:25:35'),
('e4f373bff1dccba0b07e3cb4bf1a5db84280d25b8ae1b4144302073f80574a6efd5e848bc21e0c21', 4, 4, 'GNG', '[]', 0, '2020-10-18 06:54:14', '2020-10-18 06:54:14', '2021-10-18 06:54:14'),
('e5558972b9c5a788cd3403430742238813075b5bd426d97f524ec3436e20652ca9d5ad63ace17d57', 1, 4, NULL, '[]', 0, '2020-09-15 17:01:50', '2020-09-15 17:01:50', '2021-09-15 17:01:50'),
('e6c04852e6cf96e2ebdf328fcfdc44731a4566a43271a9820ca2e2b10a25a0a643a5e56ef3751df4', 1, 4, 'GNG', '[]', 0, '2020-10-19 19:22:19', '2020-10-19 19:22:19', '2021-10-19 19:22:19'),
('ea6b0a138ff86e8012ad3976ba21dfce472c38dbf89d18c39009d41b062f76da012f46324c29b8c8', 1, 4, NULL, '[]', 0, '2020-09-13 08:09:38', '2020-09-13 08:09:38', '2021-09-13 08:09:38'),
('ec91e7d00753d25d32a9aa31693dc38bbcb1871d539d19d1bbea76e39108470b99fb911a9af2082c', 22, 4, 'GNG', '[]', 0, '2020-12-19 15:59:34', '2020-12-19 15:59:34', '2021-12-19 15:59:34'),
('ee3da357759f0e99fa56d01b6dcce5bdef22fd10113fa14f0cf55dc3380497edf5d26d43026a028c', 4, 4, NULL, '[]', 0, '2020-10-07 12:01:52', '2020-10-07 12:01:52', '2021-10-07 12:01:52'),
('eed3b176c620e5acf2fcffd9bec2f48fdcf3e28f204532b3cb29008b1c865b0a360a28fcc33b02e4', 2, 4, 'GNG', '[]', 0, '2020-12-20 14:26:23', '2020-12-20 14:26:23', '2021-12-20 14:26:23'),
('efb3268daaa3ac6df33c8fed048d407100451a8e1b39890c798b52070ea1506b4e606af72bc33d5f', 3, 4, 'GNG', '[]', 0, '2020-12-08 16:03:31', '2020-12-08 16:03:31', '2021-12-08 16:03:31'),
('f1573165cd876f88fe46fc1aa5b03c9d5526c1f7afba136ffb94d6b69ed9cffa8bc5f8d961a24281', 2, 4, 'GNG', '[]', 0, '2020-10-25 07:41:28', '2020-10-25 07:41:28', '2021-10-25 07:41:28'),
('f24292eab937960f48292cb73c22118cf1347ab9c4d6171995039f1e1f20667454c5b21ca4667604', 10, 4, NULL, '[]', 0, '2020-10-12 09:34:59', '2020-10-12 09:34:59', '2021-10-12 09:34:59'),
('f3ebd25d7ff7d001acfd98ecedb53d53269da645b80c7a3984bc94e260ffd2e4df50402d70fb22b9', 4, 4, NULL, '[]', 0, '2020-10-07 12:01:07', '2020-10-07 12:01:07', '2021-10-07 12:01:07'),
('f3f6c50afeb9c68c8597895089b4c169b7bde6bab35b208d59451efe782f58dbcd084cbdb40bb052', 2, 4, NULL, '[]', 0, '2020-09-21 07:20:16', '2020-09-21 07:20:16', '2021-09-21 07:20:16'),
('f7bf3003a6a842479eee2315e7bdd4e8f917ba0935cb4b3f6642e0005eb0e4bf79982f2f7dfa8f19', 4, 4, NULL, '[]', 0, '2020-09-27 05:04:17', '2020-09-27 05:04:17', '2021-09-27 05:04:17'),
('fbe4f7de6b16d6ab6bf5e9f0cbfa465c3f843278a2f1228eee390074d53bd1ee924a513a36c0a85a', 2, 4, 'GNG', '[]', 0, '2020-12-13 06:20:19', '2020-12-13 06:20:19', '2021-12-13 06:20:19');

-- --------------------------------------------------------

--
-- Table structure for table `oauth_auth_codes`
--

CREATE TABLE IF NOT EXISTS `oauth_auth_codes` (
  `id` varchar(100) COLLATE utf8mb4_unicode_ci NOT NULL,
  `user_id` bigint(20) unsigned NOT NULL,
  `client_id` bigint(20) unsigned NOT NULL,
  `scopes` text COLLATE utf8mb4_unicode_ci,
  `revoked` tinyint(1) NOT NULL,
  `expires_at` datetime DEFAULT NULL
) ENGINE=InnoDB DEFAULT CHARSET=utf8mb4 COLLATE=utf8mb4_unicode_ci;

-- --------------------------------------------------------

--
-- Table structure for table `oauth_clients`
--

CREATE TABLE IF NOT EXISTS `oauth_clients` (
  `id` bigint(20) unsigned NOT NULL,
  `user_id` bigint(20) unsigned DEFAULT NULL,
  `name` varchar(191) COLLATE utf8mb4_unicode_ci NOT NULL,
  `secret` varchar(100) COLLATE utf8mb4_unicode_ci DEFAULT NULL,
  `provider` varchar(191) COLLATE utf8mb4_unicode_ci DEFAULT NULL,
  `redirect` text COLLATE utf8mb4_unicode_ci NOT NULL,
  `personal_access_client` tinyint(1) NOT NULL,
  `password_client` tinyint(1) NOT NULL,
  `revoked` tinyint(1) NOT NULL,
  `created_at` timestamp NULL DEFAULT NULL,
  `updated_at` timestamp NULL DEFAULT NULL
) ENGINE=InnoDB AUTO_INCREMENT=6 DEFAULT CHARSET=utf8mb4 COLLATE=utf8mb4_unicode_ci;

--
-- Dumping data for table `oauth_clients`
--

INSERT INTO `oauth_clients` (`id`, `user_id`, `name`, `secret`, `provider`, `redirect`, `personal_access_client`, `password_client`, `revoked`, `created_at`, `updated_at`) VALUES
(1, NULL, 'Laravel Personal Access Client', 'MlVDK7wJG4RXeMgvO96NyQK6pplxrztU3gjWPvXh', NULL, 'http://localhost', 1, 0, 0, '2020-09-07 18:13:05', '2020-09-07 18:13:05'),
(2, NULL, 'Laravel Password Grant Client', 'yrvd9G5IvJ3KMyEcRAIyTctqyHI5WTohdmRWJJX0', 'users', 'http://localhost', 0, 1, 0, '2020-09-07 18:13:05', '2020-09-07 18:13:05'),
(3, 1, 'GNG', 'e9JNPW4TirM4KVB3uStFO9giFRBtxC0Ft0CXnhXY', NULL, 'work.bubbletokapp.com', 0, 0, 0, '2020-09-07 18:14:18', '2020-09-07 18:14:18'),
(4, NULL, 'GNG Personal Access Client', 'C6nGZZX3sI7Ln0fKf8bChcuylhoiS0D84DMjb2kL', NULL, 'http://localhost', 1, 0, 0, '2020-09-07 18:14:53', '2020-09-07 18:14:53'),
(5, NULL, 'GNG Password Grant Client', 'J5t1uI6JvYyeP8wGEwTc87qwPXTKuafeHvVGWlhm', 'users', 'http://localhost', 0, 1, 0, '2020-09-07 18:14:53', '2020-09-07 18:14:53');

-- --------------------------------------------------------

--
-- Table structure for table `oauth_personal_access_clients`
--

CREATE TABLE IF NOT EXISTS `oauth_personal_access_clients` (
  `id` bigint(20) unsigned NOT NULL,
  `client_id` bigint(20) unsigned NOT NULL,
  `created_at` timestamp NULL DEFAULT NULL,
  `updated_at` timestamp NULL DEFAULT NULL
) ENGINE=InnoDB AUTO_INCREMENT=3 DEFAULT CHARSET=utf8mb4 COLLATE=utf8mb4_unicode_ci;

--
-- Dumping data for table `oauth_personal_access_clients`
--

INSERT INTO `oauth_personal_access_clients` (`id`, `client_id`, `created_at`, `updated_at`) VALUES
(1, 1, '2020-09-07 18:13:05', '2020-09-07 18:13:05'),
(2, 4, '2020-09-07 18:14:53', '2020-09-07 18:14:53');

-- --------------------------------------------------------

--
-- Table structure for table `oauth_refresh_tokens`
--

CREATE TABLE IF NOT EXISTS `oauth_refresh_tokens` (
  `id` varchar(100) COLLATE utf8mb4_unicode_ci NOT NULL,
  `access_token_id` varchar(100) COLLATE utf8mb4_unicode_ci NOT NULL,
  `revoked` tinyint(1) NOT NULL,
  `expires_at` datetime DEFAULT NULL
) ENGINE=InnoDB DEFAULT CHARSET=utf8mb4 COLLATE=utf8mb4_unicode_ci;

-- --------------------------------------------------------

--
-- Table structure for table `password_resets`
--

CREATE TABLE IF NOT EXISTS `password_resets` (
  `email` varchar(191) COLLATE utf8mb4_unicode_ci NOT NULL,
  `token` varchar(191) COLLATE utf8mb4_unicode_ci NOT NULL,
  `created_at` timestamp NULL DEFAULT NULL
) ENGINE=InnoDB DEFAULT CHARSET=utf8mb4 COLLATE=utf8mb4_unicode_ci;

-- --------------------------------------------------------

--
-- Table structure for table `tbl_admin`
--

CREATE TABLE IF NOT EXISTS `tbl_admin` (
  `id` int(11) NOT NULL,
  `username` varchar(50) NOT NULL,
  `email` varchar(50) NOT NULL,
  `password` varchar(50) NOT NULL,
  `profile_image` text,
  `unique_key` varchar(30) NOT NULL,
  `created_at` datetime NOT NULL,
  `updated_at` datetime NOT NULL
) ENGINE=InnoDB AUTO_INCREMENT=2 DEFAULT CHARSET=utf8mb4;

--
-- Dumping data for table `tbl_admin`
--

INSERT INTO `tbl_admin` (`id`, `username`, `email`, `password`, `profile_image`, `unique_key`, `created_at`, `updated_at`) VALUES
(1, 'admin', 'admin@gmail.com', 'gng@2020', 'profile_388.jpg', 'gng!123', '2020-09-02 21:29:10', '2020-10-20 18:39:50');

-- --------------------------------------------------------

--
-- Table structure for table `tbl_area`
--

CREATE TABLE IF NOT EXISTS `tbl_area` (
  `id` int(11) NOT NULL,
  `city_id` int(11) NOT NULL,
  `area_name` text NOT NULL,
  `created_at` timestamp NOT NULL DEFAULT CURRENT_TIMESTAMP,
  `updated_at` datetime DEFAULT NULL
) ENGINE=InnoDB AUTO_INCREMENT=6 DEFAULT CHARSET=utf8mb4;

--
-- Dumping data for table `tbl_area`
--

INSERT INTO `tbl_area` (`id`, `city_id`, `area_name`, `created_at`, `updated_at`) VALUES
(1, 1, 'Varachha', '2020-09-28 17:31:27', '2020-09-28 17:32:29'),
(2, 3, 'Nikol Road', '2020-09-28 17:51:16', NULL),
(3, 1, 'Mota Varachha', '2020-09-28 18:24:18', NULL),
(4, 2, 'Mahuva Road', '2020-09-28 18:24:29', NULL),
(5, 1, 'Katargam', '2020-09-28 18:24:36', NULL);

-- --------------------------------------------------------

--
-- Table structure for table `tbl_banner`
--

CREATE TABLE IF NOT EXISTS `tbl_banner` (
  `id` int(11) NOT NULL,
  `banner_img` text NOT NULL,
  `banner_link` text,
  `created_at` timestamp NOT NULL DEFAULT CURRENT_TIMESTAMP,
  `updated_at` datetime DEFAULT NULL
) ENGINE=InnoDB AUTO_INCREMENT=3 DEFAULT CHARSET=utf8mb4;

--
-- Dumping data for table `tbl_banner`
--

INSERT INTO `tbl_banner` (`id`, `banner_img`, `banner_link`, `created_at`, `updated_at`) VALUES
(2, 'banner_872.jpg', NULL, '2020-10-09 17:19:22', '2020-12-17 09:42:20');

-- --------------------------------------------------------

--
-- Table structure for table `tbl_cart`
--

CREATE TABLE IF NOT EXISTS `tbl_cart` (
  `id` int(11) NOT NULL,
  `user_id` varchar(8) NOT NULL,
  `product_id` varchar(8) NOT NULL,
  `price_unit_id` varchar(8) NOT NULL,
  `quantity` varchar(100) NOT NULL,
  `created_at` timestamp NOT NULL DEFAULT CURRENT_TIMESTAMP,
  `updated_at` datetime DEFAULT NULL
) ENGINE=InnoDB AUTO_INCREMENT=35 DEFAULT CHARSET=utf8mb4;

--
-- Dumping data for table `tbl_cart`
--

INSERT INTO `tbl_cart` (`id`, `user_id`, `product_id`, `price_unit_id`, `quantity`, `created_at`, `updated_at`) VALUES
(25, '9B5FD400', 'FDFC08D8', 'A098C6FB', '1', '2020-12-19 04:11:31', '2020-12-19 09:41:46');

-- --------------------------------------------------------

--
-- Table structure for table `tbl_category`
--

CREATE TABLE IF NOT EXISTS `tbl_category` (
  `id` int(11) NOT NULL,
  `category_name` varchar(80) NOT NULL,
  `is_active` tinyint(1) NOT NULL DEFAULT '1' COMMENT '1 for Active/0 for Deactive',
  `created_at` timestamp NOT NULL DEFAULT CURRENT_TIMESTAMP,
  `updated_at` datetime DEFAULT NULL
) ENGINE=InnoDB AUTO_INCREMENT=11 DEFAULT CHARSET=utf8mb4;

--
-- Dumping data for table `tbl_category`
--

INSERT INTO `tbl_category` (`id`, `category_name`, `is_active`, `created_at`, `updated_at`) VALUES
(2, 'Exotic Vegetables', 1, '2020-09-04 22:19:47', '2020-09-04 16:52:22'),
(3, 'Daily Fresh veggies', 1, '2020-09-04 22:27:21', NULL),
(4, 'Root Vegetables', 1, '2020-09-06 17:11:58', NULL),
(5, 'Fresh Fruits', 1, '2020-11-02 16:48:20', NULL),
(6, 'Herbs Seasonings', 1, '2020-11-02 17:11:02', NULL),
(7, 'Fresh Vegetables', 1, '2020-11-04 16:44:43', NULL);

-- --------------------------------------------------------

--
-- Table structure for table `tbl_city`
--

CREATE TABLE IF NOT EXISTS `tbl_city` (
  `id` int(11) NOT NULL,
  `city_name` text NOT NULL,
  `created_at` timestamp NOT NULL DEFAULT CURRENT_TIMESTAMP,
  `updated_at` datetime DEFAULT NULL
) ENGINE=InnoDB AUTO_INCREMENT=4 DEFAULT CHARSET=utf8mb4;

--
-- Dumping data for table `tbl_city`
--

INSERT INTO `tbl_city` (`id`, `city_name`, `created_at`, `updated_at`) VALUES
(1, 'Surat', '2020-09-28 17:09:57', '2020-09-28 17:11:45'),
(2, 'Bardoli', '2020-09-28 17:11:58', NULL),
(3, 'Ahamdabad', '2020-09-28 17:50:54', NULL);

-- --------------------------------------------------------

--
-- Table structure for table `tbl_complaint`
--

CREATE TABLE IF NOT EXISTS `tbl_complaint` (
  `id` int(11) NOT NULL,
  `complaint_id` varchar(8) NOT NULL,
  `order_id` text,
  `user_id` varchar(8) NOT NULL,
  `title` varchar(150) NOT NULL,
  `description` text NOT NULL,
  `mobile_no` varchar(15) NOT NULL,
  `status` tinyint(1) NOT NULL DEFAULT '1',
  `created_at` timestamp NOT NULL DEFAULT CURRENT_TIMESTAMP,
  `updated_at` datetime DEFAULT NULL
) ENGINE=InnoDB AUTO_INCREMENT=23 DEFAULT CHARSET=utf8mb4;

--
-- Dumping data for table `tbl_complaint`
--

INSERT INTO `tbl_complaint` (`id`, `complaint_id`, `order_id`, `user_id`, `title`, `description`, `mobile_no`, `status`, `created_at`, `updated_at`) VALUES
(1, 'FAC383CD', '', '91B3AE9E', 'test', 'test', '0', 0, '2020-10-05 16:48:14', '2020-10-15 09:45:26'),
(2, '746CBCDE', 'GNGORD5631354134', '91B3AE9E', 'test', 'test', '0', 1, '2020-10-05 16:48:14', NULL),
(3, '24C66B2F', 'GNGORD6686147474', 'D76FAE76', 'test', 'testt', '0', 1, '2020-10-05 16:48:14', NULL),
(4, 'BA955040', 'GNGORD5657904600', '91B3AE9E', 'test', 'test', '2147483647', 0, '2020-10-14 17:42:04', '2020-10-17 11:08:23'),
(5, 'B7CA02CC', 'VEGIORD8038220425', '2744498C', '123', '12345689', '1234567890', 1, '2020-11-27 05:50:12', NULL),
(6, '6A8BC01F', 'VEGIORD1198838013', '2744498C', 'Test', 'Tell us what you like or dislike about the product*', '2147483647', 1, '2020-12-04 07:08:41', NULL),
(7, 'B26D5D87', 'VEGIORD1198838013', '2744498C', 'Test', 'Hey', '2147483647', 1, '2020-12-04 07:11:19', NULL),
(8, '860CF6F7', 'VEGIORD2342958319', '2744498C', 'test', 'Bjdzjgd', '1234567890', 1, '2020-12-07 04:19:49', NULL),
(9, '89291899', NULL, '51FDDABC', 'test', 'tt', '1234567890', 1, '2020-12-07 18:41:06', NULL),
(10, '44EC9DE2', NULL, '9B5FD400', 'Test', 'This for testing', '1234567890', 1, '2020-12-08 04:28:19', NULL),
(11, '883DD9AA', NULL, '51FDDABC', 'teet', 'dr', '2147483647', 1, '2020-12-09 17:36:54', NULL),
(12, '29F8323D', NULL, '51FDDABC', 'anurag', 'eee', '1234567890', 1, '2020-12-09 17:45:56', NULL),
(13, '0B160E72', NULL, '2744498C', 'Test', 'test', '1234567890', 1, '2020-12-11 08:51:16', NULL),
(15, 'BA606FDA', NULL, '0C55004C', 'yuyyy', 'Rrr', '2147483647', 1, '2020-12-13 07:51:53', NULL),
(16, 'E70A4BC2', NULL, '51FDDABC', 'anurag test', 'qqq', '2147483647', 1, '2020-12-13 07:52:39', NULL),
(17, '51928ABB', NULL, '9B5FD400', 'Test From iOS Side', 'This is for testing, This is only for testing purpose. This is testing, testing, test', '2147483647', 1, '2020-12-14 05:25:50', NULL),
(18, 'F759B28E', NULL, '9B5FD400', '123', '4561', '1234567890', 1, '2020-12-14 05:35:05', NULL),
(19, '443921EF', NULL, '9B5FD400', 'Test 2', 'This is for testing, abcdefghijklmnopqrstuvwxyz, abcdefghijklmnopqrstuvwxyz, \nAbdefghijklmndfjsklajoweriudowkc', '2147483647', 1, '2020-12-14 05:39:23', NULL),
(20, '1AF2E221', 'GNGORD5657904600', '91B3AE9E', 'test', 'test', '2147483647', 1, '2020-12-14 17:59:44', NULL),
(21, '21429714', 'GNGORD5657904600', '91B3AE9E', 'test', 'test', '8545454545', 1, '2020-12-14 18:12:05', NULL),
(22, 'D27A1331', NULL, '0C55004C', 'Test', 'This is for testing', '1234567890', 0, '2020-12-15 04:18:50', '2020-12-15 09:49:27');

-- --------------------------------------------------------

--
-- Table structure for table `tbl_coupon`
--

CREATE TABLE IF NOT EXISTS `tbl_coupon` (
  `id` int(11) NOT NULL,
  `coupon_code` varchar(20) NOT NULL,
  `discount_type` tinyint(1) NOT NULL DEFAULT '0',
  `coupon_discount` varchar(100) NOT NULL,
  `minimum_amount` varchar(100) NOT NULL,
  `description` text,
  `created_at` timestamp NOT NULL DEFAULT CURRENT_TIMESTAMP,
  `updated_at` datetime DEFAULT NULL
) ENGINE=InnoDB AUTO_INCREMENT=10 DEFAULT CHARSET=utf8mb4;

--
-- Dumping data for table `tbl_coupon`
--

INSERT INTO `tbl_coupon` (`id`, `coupon_code`, `discount_type`, `coupon_discount`, `minimum_amount`, `description`, `created_at`, `updated_at`) VALUES
(1, '95AD532E', 1, '60', '150', NULL, '2020-09-27 11:32:23', '2020-09-27 12:12:32'),
(2, '4D774278', 1, '20', '300', NULL, '2020-09-28 16:19:53', NULL),
(3, '37DAEFA0', 2, '50', '200', NULL, '2020-09-29 16:15:55', NULL),
(4, 'democoupon', 1, '20', '200', 'gggggggggggg', '2020-12-13 07:14:13', NULL),
(5, 'Diwali2020', 2, '30', '100', NULL, '2020-12-13 07:22:09', NULL),
(6, 'TEST', 1, '20', '200', 'daily offer', '2020-12-14 14:03:25', NULL),
(8, 'TEST123', 1, '50', '100', 'testcopm', '2020-12-20 09:59:13', NULL),
(9, 'TEST222', 2, '77', '100', 'DugDugi22', '2020-12-20 09:59:34', NULL);

-- --------------------------------------------------------

--
-- Table structure for table `tbl_delivery_boy`
--

CREATE TABLE IF NOT EXISTS `tbl_delivery_boy` (
  `id` int(11) NOT NULL,
  `user_id` varchar(8) NOT NULL,
  `order_id` text NOT NULL,
  `amount_to_pay` varchar(100) DEFAULT NULL,
  `status` tinyint(1) NOT NULL DEFAULT '1' COMMENT '1 for not paid/2 for Complete payment',
  `created_at` timestamp NOT NULL DEFAULT CURRENT_TIMESTAMP,
  `updated_at` datetime DEFAULT NULL
) ENGINE=InnoDB AUTO_INCREMENT=23 DEFAULT CHARSET=utf8mb4;

--
-- Dumping data for table `tbl_delivery_boy`
--

INSERT INTO `tbl_delivery_boy` (`id`, `user_id`, `order_id`, `amount_to_pay`, `status`, `created_at`, `updated_at`) VALUES
(3, 'E11F4B85', 'GNGORD7561650603', '50', 1, '2020-10-13 16:57:45', NULL),
(4, 'E11F4B85', 'GNGORD7561650603', '50', 1, '2020-10-14 16:53:52', NULL),
(5, 'E11F4B85', 'GNGORD9736749876', '41', 1, '2020-10-14 18:53:57', NULL),
(6, 'E11F4B85', 'GNGORD9234525480', '41', 1, '2020-10-18 06:24:52', NULL),
(7, '2B48D762', 'VEGIORD6193122233', '545', 2, '2020-10-28 17:57:35', '2020-11-01 05:04:57'),
(8, '2B48D762', 'VEGIORD7896353519', '678', 2, '2020-10-30 17:21:25', '2020-11-01 05:04:57'),
(9, '2B48D762', 'VEGIORD8867769604', '115', 2, '2020-10-31 16:11:14', '2020-11-01 05:04:57'),
(10, '2B48D762', 'VEGIORD4627039838', '165', 2, '2020-11-01 05:04:01', '2020-11-01 05:04:57'),
(11, 'E11F4B85', 'GNGORD7561650603', '50', 1, '2020-11-26 09:45:05', NULL),
(12, '2B48D762', 'VEGIORD9641393336', '357', 1, '2020-12-03 18:19:15', NULL),
(13, '2B48D762', 'VEGIORD9641393336', '357', 1, '2020-12-03 18:19:25', NULL),
(14, '54850FFF', 'VEGIORD4492309526', '338', 1, '2020-12-04 18:24:17', NULL),
(15, '2B48D762', 'VEGIORD3386099157', '625', 1, '2020-12-05 05:49:51', NULL),
(16, '2B48D762', 'VEGIORD4259403156', '85', 1, '2020-12-13 07:38:24', NULL),
(17, '2B48D762', 'VEGIORD5909169463', '271', 1, '2020-12-13 07:42:21', NULL),
(18, '2B48D762', 'VEGIORD9207744513', '65', 1, '2020-12-13 07:44:44', NULL),
(19, '2B48D762', 'VEGIORD9207744513', '65', 1, '2020-12-13 07:46:56', NULL),
(20, 'E11F4B85', 'GNGORD7561650603', '50', 1, '2020-12-17 17:57:11', NULL),
(21, '2B48D762', 'VEGIORD4052861785', '65', 1, '2020-12-17 18:05:04', NULL),
(22, '2B48D762', 'VEGIORD7836167854', '1065', 1, '2020-12-20 07:43:14', NULL);

-- --------------------------------------------------------

--
-- Table structure for table `tbl_faq`
--

CREATE TABLE IF NOT EXISTS `tbl_faq` (
  `id` int(11) NOT NULL,
  `question` text NOT NULL,
  `answer` text NOT NULL,
  `created_at` timestamp NOT NULL DEFAULT CURRENT_TIMESTAMP,
  `updated_at` datetime DEFAULT NULL
) ENGINE=InnoDB AUTO_INCREMENT=4 DEFAULT CHARSET=utf8mb4;

--
-- Dumping data for table `tbl_faq`
--

INSERT INTO `tbl_faq` (`id`, `question`, `answer`, `created_at`, `updated_at`) VALUES
(1, 'How do I register?', 'You can register by clicking on the "Sign up" button. Please provide the information in the form that appears. You can review the terms and conditions, and submit the registration information. You can register by clicking on the "Sign up" button. Please provide the information in the form that appears. You can review the terms and conditions, and submit the registration information. You can register by clicking on the "Sign up" button. Please provide the information in the form that appears. You can review the terms and conditions, and submit the registration information.', '2020-12-18 18:29:22', '2020-12-19 00:10:24'),
(2, 'Are there any charges for registration?', 'No. Registration on GNG is absolutely free.', '2020-12-18 18:29:22', NULL),
(3, 'Do I have to necessarily register to shop on GNG?', 'You can surf and add products to the cart without registration but only registered shoppers will be able to checkout and place orders. Registered members have to be logged in at the time of checking out the cart, they will be prompted to do so if they are not logged in.', '2020-12-18 18:29:22', NULL);

-- --------------------------------------------------------

--
-- Table structure for table `tbl_notification`
--

CREATE TABLE IF NOT EXISTS `tbl_notification` (
  `notification_id` int(11) NOT NULL,
  `user_id` varchar(8) DEFAULT NULL,
  `item_id` text,
  `notification_type` tinyint(1) DEFAULT '0' COMMENT '1 for assigned, 2 for confirmed, 3 for completed, 4 for cancelled, 5 for on hold, 6 for compaint resolved, 7 for admin	',
  `title` text,
  `message` text NOT NULL,
  `image` text,
  `created_at` timestamp NOT NULL DEFAULT CURRENT_TIMESTAMP,
  `updated_at` datetime DEFAULT NULL
) ENGINE=InnoDB AUTO_INCREMENT=295 DEFAULT CHARSET=utf8mb4;

--
-- Dumping data for table `tbl_notification`
--

INSERT INTO `tbl_notification` (`notification_id`, `user_id`, `item_id`, `notification_type`, `title`, `message`, `image`, `created_at`, `updated_at`) VALUES
(1, '91B3AE9E', NULL, 4, NULL, 'Hey vaibhavi sojitraaYour Order is Cancelled. Please check your order status for more details', NULL, '2020-10-27 15:15:06', '0000-00-00 00:00:00'),
(2, '51FDDABC', NULL, 3, NULL, 'Hey Anurags Savaliya Your Order is Completed', NULL, '2020-10-28 17:57:35', '0000-00-00 00:00:00'),
(3, '5DFA8E34', NULL, 4, NULL, 'Hey vaibhavi sojitraYour Order is Cancelled. Please check your order status for more details', NULL, '2020-10-29 16:30:56', '0000-00-00 00:00:00'),
(4, '5DFA8E34', NULL, 4, NULL, 'Hey vaibhavi sojitraYour Order is Cancelled. Please check your order status for more details', NULL, '2020-10-29 16:44:07', '0000-00-00 00:00:00'),
(5, '51FDDABC', NULL, 4, NULL, 'Hey Anurags Savaliya, Your Order is Cancelled. Please check your order status for more details', NULL, '2020-10-29 16:59:53', '0000-00-00 00:00:00'),
(6, '91B3AE9E', NULL, 2, NULL, 'Hey vaibhavi sojitraa Your Order is Confirmed', NULL, '2020-10-29 17:01:12', NULL),
(7, '91B3AE9E', NULL, 1, NULL, 'Hey anuragDel Order(VEGIORD9641393336) has been Assigned to You.', NULL, '2020-10-29 17:01:12', NULL),
(8, '51FDDABC', NULL, 4, NULL, 'Hey Anurags Savaliya, Your Order is Cancelled. Please check your order status for more details', NULL, '2020-10-29 17:06:01', NULL),
(9, '51FDDABC', NULL, 2, NULL, 'Hey Anurags Savaliya, Your Order is Confirmed', NULL, '2020-10-30 16:28:31', NULL),
(11, '51FDDABC', NULL, 3, NULL, 'Hey Anurags Savaliya, Your Order is Completed', NULL, '2020-10-30 17:21:25', NULL),
(12, '2744498C', NULL, 2, NULL, 'Hey Ankur Kalkani, Your Order is Confrimed', NULL, '2020-10-31 16:08:25', NULL),
(14, '2744498C', NULL, 3, NULL, 'Hey Ankur Kalkani, Your Order is Completed', NULL, '2020-10-31 16:11:14', NULL),
(15, '51FDDABC', NULL, 3, NULL, 'Hey Anurags Savaliya, Your Order is Completed', NULL, '2020-11-01 05:04:02', NULL),
(16, '2744498C', NULL, 4, NULL, 'Hey Ankur Kalkani, Your Order is Cancelled. Please check your order status for more details', NULL, '2020-11-01 06:06:50', NULL),
(128, '51FDDABC', 'VEGIORD3386099157', 2, NULL, 'Hey Anurags Savaliya, Your Order is Confirmed', NULL, '2020-12-02 16:22:36', NULL),
(129, '51FDDABC', '2B48D762', 1, NULL, 'Hey anuragDel, Order(VEGIORD3386099157) has been Assigned to You.', NULL, '2020-12-02 16:22:36', NULL),
(130, '91B3AE9E', 'VEGIORD9641393336', 3, NULL, 'Hey vaibhavi sojitraa, Your Order is Completed', NULL, '2020-12-03 18:19:16', NULL),
(131, '91B3AE9E', 'VEGIORD9641393336', 3, NULL, 'Hey vaibhavi sojitraa, Your Order is Completed', NULL, '2020-12-03 18:19:26', NULL),
(132, '2744498C', 'VEGIORD9843037459', 2, NULL, 'Hey Ankur Kalkani, Your Order is Confirmed', NULL, '2020-12-03 18:43:15', NULL),
(133, '2744498C', '2B48D762', 1, NULL, 'Hey anuragDel, Order(VEGIORD9843037459) has been Assigned to You.', NULL, '2020-12-03 18:43:15', NULL),
(134, '2744498C', 'VEGIORD6532136629', 4, NULL, 'Hey Ankur Kalkani, Your Order is Cancelled. Please check your order status for more details', NULL, '2020-12-04 10:57:15', NULL),
(135, '2744498C', 'VEGIORD5697334911', 4, NULL, 'Hey Ankur Kalkani, Your Order is Cancelled. Please check your order status for more details', NULL, '2020-12-04 10:57:25', NULL),
(136, '2744498C', 'VEGIORD6567105165', 4, NULL, 'Hey Ankur Kalkani, Your Order is Cancelled. Please check your order status for more details', NULL, '2020-12-04 10:57:28', NULL),
(137, '2744498C', 'VEGIORD9145079611', 4, NULL, 'Hey Ankur Kalkani, Your Order is Cancelled. Please check your order status for more details', NULL, '2020-12-04 10:57:30', NULL),
(138, '2744498C', 'VEGIORD9843037459', 4, NULL, 'Hey Ankur Kalkani, Your Order is Cancelled. Please check your order status for more details', NULL, '2020-12-04 10:57:32', NULL),
(139, '2744498C', 'VEGIORD5889055111', 4, NULL, 'Hey Ankur Kalkani, Your Order is Cancelled. Please check your order status for more details', NULL, '2020-12-04 10:57:35', NULL),
(140, '2744498C', 'VEGIORD8904156720', 4, NULL, 'Hey Ankur Kalkani, Your Order is Cancelled. Please check your order status for more details', NULL, '2020-12-04 10:57:38', NULL),
(141, '2744498C', 'VEGIORD3211883928', 4, NULL, 'Hey Ankur Kalkani, Your Order is Cancelled. Please check your order status for more details', NULL, '2020-12-04 10:57:58', NULL),
(142, '2744498C', 'VEGIORD7908023151', 4, NULL, 'Hey Ankur Kalkani, Your Order is Cancelled. Please check your order status for more details', NULL, '2020-12-04 10:58:02', NULL),
(143, '2744498C', 'VEGIORD1827221954', 4, NULL, 'Hey Ankur Kalkani, Your Order is Cancelled. Please check your order status for more details', NULL, '2020-12-04 10:58:04', NULL),
(144, '2744498C', 'VEGIORD3211883928', 4, NULL, 'Hey Ankur Kalkani, Your Order is Cancelled. Please check your order status for more details', NULL, '2020-12-04 10:58:11', NULL),
(145, '2744498C', 'VEGIORD2451214009', 4, NULL, 'Hey Ankur Kalkani, Your Order is Cancelled. Please check your order status for more details', NULL, '2020-12-04 10:58:15', NULL),
(146, '2744498C', 'VEGIORD7208825765', 4, NULL, 'Hey Ankur Kalkani, Your Order is Cancelled. Please check your order status for more details', NULL, '2020-12-04 10:58:18', NULL),
(147, '2744498C', 'VEGIORD1198838013', 4, NULL, 'Hey Ankur Kalkani, Your Order is Cancelled. Please check your order status for more details', NULL, '2020-12-04 10:58:30', NULL),
(148, '51FDDABC', 'VEGIORD7444183610', 2, NULL, 'Hey Anurags Savaliya, Your Order is Confirmed', NULL, '2020-12-04 18:10:47', NULL),
(149, '91B3AE9E', 'VEGIORD4492309526', 2, NULL, 'Hey vaibhavi sojitraa, Your Order is Confirmed', NULL, '2020-12-04 18:11:04', NULL),
(150, 'AC8C4388', 'VEGIORD4367854549', 2, NULL, 'Hey Jeelbhai khokhariya, Your Order is Confirmed', NULL, '2020-12-04 18:12:15', NULL),
(151, 'AC8C4388', '54850FFF', 1, NULL, 'Hey Anurag, Order(VEGIORD4367854549) has been Assigned to You.', NULL, '2020-12-04 18:12:15', NULL),
(152, '91B3AE9E', 'VEGIORD4492309526', 3, NULL, 'Hey vaibhavi sojitraa, Your Order is Completed', NULL, '2020-12-04 18:24:17', NULL),
(154, '51FDDABC', 'VEGIORD3386099157', 2, NULL, 'Hey Anurags Savaliya, Your Order is Confirmed', NULL, '2020-12-05 05:48:41', NULL),
(155, '51FDDABC', '2B48D762', 1, NULL, 'Hey anuragDel, Order(VEGIORD3386099157) has been Assigned to You.', NULL, '2020-12-05 05:48:42', NULL),
(156, '51FDDABC', 'VEGIORD3386099157', 3, NULL, 'Hey Anurags Savaliya, Your Order is Completed', NULL, '2020-12-05 05:49:51', NULL),
(157, '51FDDABC', 'VEGIORD9495458888', 2, NULL, 'Hey Anurags Savaliya, Your Order is Confirmed', NULL, '2020-12-06 05:18:45', NULL),
(158, '51FDDABC', '2B48D762', 1, NULL, 'Hey anuragDel, Order(VEGIORD9495458888) has been Assigned to You.', NULL, '2020-12-06 05:18:46', NULL),
(161, '2744498C', 'VEGIORD2682085153', 4, NULL, 'Hey Ankur Kalkani, Your Order is Cancelled. Please check your order status for more details', NULL, '2020-12-07 06:38:47', NULL),
(162, '9B5FD400', 'VEGIORD5404856759', 4, NULL, 'Hey Ankur Kalkani, Your Order is Cancelled. Please check your order status for more details', NULL, '2020-12-07 10:05:35', NULL),
(163, '9B5FD400', 'VEGIORD5489746703', 4, NULL, 'Hey Ankur Kalkani, Your Order is Cancelled. Please check your order status for more details', NULL, '2020-12-07 10:05:38', NULL),
(164, '2744498C', 'VEGIORD2342958319', 4, NULL, 'Hey Ankur Kalkani, Your Order is Cancelled. Please check your order status for more details', NULL, '2020-12-11 05:19:02', NULL),
(165, '2744498C', 'VEGIORD4865886232', 4, NULL, 'Hey Ankur Kalkani, Your Order is Cancelled. Please check your order status for more details', NULL, '2020-12-11 06:05:32', NULL),
(166, '5DFA8E34', 'VEGIORD8881277805', 2, NULL, 'Hey vaibhavi sojitra, Your Order is Confirmed', NULL, '2020-12-11 17:30:53', NULL),
(167, '5DFA8E34', '54850FFF', 1, NULL, 'Hey Anurag, Order(VEGIORD8881277805) has been Assigned to You.', NULL, '2020-12-11 17:30:53', NULL),
(168, '51FDDABC', 'VEGIORD8472722541', 2, NULL, 'Hey Anurag Savaliya, Your Order is Confirmed', NULL, '2020-12-11 17:31:02', NULL),
(169, '51FDDABC', '54850FFF', 1, NULL, 'Hey Anurag, Order(VEGIORD8472722541) has been Assigned to You.', NULL, '2020-12-11 17:31:02', NULL),
(170, '51FDDABC', 'VEGIORD6679010965', 2, NULL, 'Hey Anurag Savaliya, Your Order is Confirmed', NULL, '2020-12-11 17:32:01', NULL),
(171, '51FDDABC', '2B48D762', 1, NULL, 'Hey anuragDel, Order(VEGIORD6679010965) has been Assigned to You.', NULL, '2020-12-11 17:32:02', NULL),
(172, '2744498C', 'VEGIORD3798473301', 2, NULL, 'Hey Ankurr Kalkani, Your Order is Confirmed', NULL, '2020-12-11 17:32:17', NULL),
(173, '2744498C', '2B48D762', 1, NULL, 'Hey anuragDel, Order(VEGIORD3798473301) has been Assigned to You.', NULL, '2020-12-11 17:32:17', NULL),
(174, '91B3AE9E', 'GNGORD5631354134', 2, NULL, 'Hey vaibhavi sojitraa, Your Order is Confirmed', NULL, '2020-12-11 17:42:42', NULL),
(175, '91B3AE9E', 'E11F4B85', 1, NULL, 'Hey user test, Order(GNGORD5631354134) has been Assigned to You.', NULL, '2020-12-11 17:42:42', NULL),
(176, '2744498C', 'VEGIORD7577688284', 2, NULL, 'Hey Ankurr Kalkani, Your Order is Confirmed', NULL, '2020-12-11 18:15:01', NULL),
(177, '2744498C', '2B48D762', 1, NULL, 'Hey anuragDel, Order(VEGIORD7577688284) has been Assigned to You.', NULL, '2020-12-11 18:15:01', NULL),
(178, '0C55004C', 'VEGIORD1121612094', 4, NULL, 'Hey Ankur Kalkani, Your Order is Cancelled. Please check your order status for more details', NULL, '2020-12-13 06:32:09', NULL),
(186, '0C55004C', 'VEGIORD4259403156', 2, NULL, 'Hey Ankur Kalkani, Your Order is Confirmed', NULL, '2020-12-13 07:31:24', NULL),
(187, '0C55004C', '2B48D762', 1, NULL, 'Hey anuragDel, Order(VEGIORD4259403156) has been Assigned to You.', NULL, '2020-12-13 07:31:25', NULL),
(189, '0C55004C', 'VEGIORD4259403156', 3, NULL, 'Hey Ankur Kalkani, Your Order is Completed', NULL, '2020-12-13 07:38:24', NULL),
(190, '0C55004C', 'VEGIORD5909169463', 2, NULL, 'Hey Ankur Kalkani, Your Order is Confirmed', NULL, '2020-12-13 07:40:22', NULL),
(191, '0C55004C', '2B48D762', 1, NULL, 'Hey anuragDel, Order(VEGIORD5909169463) has been Assigned to You.', NULL, '2020-12-13 07:40:22', NULL),
(193, '0C55004C', 'VEGIORD5909169463', 2, NULL, 'Hey Ankur Kalkani, Your Order is Confirmed', NULL, '2020-12-13 07:42:07', NULL),
(194, '0C55004C', '2B48D762', 1, NULL, 'Hey anuragDel, Order(VEGIORD5909169463) has been Assigned to You.', NULL, '2020-12-13 07:42:07', NULL),
(195, '0C55004C', 'VEGIORD5909169463', 3, NULL, 'Hey Ankur Kalkani, Your Order is Completed', NULL, '2020-12-13 07:42:22', NULL),
(196, '0C55004C', 'VEGIORD9207744513', 2, NULL, 'Hey Ankur Kalkani, Your Order is Confirmed', NULL, '2020-12-13 07:44:35', NULL),
(197, '0C55004C', '2B48D762', 1, NULL, 'Hey anuragDel, Order(VEGIORD9207744513) has been Assigned to You.', NULL, '2020-12-13 07:44:35', NULL),
(198, '0C55004C', 'VEGIORD9207744513', 3, NULL, 'Hey Ankur Kalkani, Your Order is Completed', NULL, '2020-12-13 07:44:44', NULL),
(199, '0C55004C', 'VEGIORD9207744513', 3, NULL, 'Hey Ankur Kalkani, Your Order is Completed', NULL, '2020-12-13 07:46:56', NULL),
(200, '51FDDABC', 'VEGIORD8674482896', 2, NULL, 'Hey Anurag Savaliya, Your Order is Confirmed', NULL, '2020-12-13 08:10:26', NULL),
(201, '51FDDABC', '2B48D762', 1, NULL, 'Hey anuragDel, Order(VEGIORD8674482896) has been Assigned to You.', NULL, '2020-12-13 08:10:27', NULL),
(202, 'AC8C4388', 'VEGIORD9829383806', 2, NULL, 'Hey Jeel khokhariya, Your Order is Confirmed', NULL, '2020-12-13 15:30:08', NULL),
(203, 'AC8C4388', 'E11F4B85', 1, NULL, 'Hey user test, Order(VEGIORD9829383806) has been Assigned to You.', NULL, '2020-12-13 15:30:08', NULL),
(204, '0C55004C', '0C55004C', 6, NULL, 'Hey Ankur Kalkani, Your Complaint is Resolved', NULL, '2020-12-15 04:19:27', NULL),
(206, '0C55004C', 'VEGIORD7654524948', 2, NULL, 'Hey Ankur Kalkani, Your Order is Confirmed', NULL, '2020-12-15 05:54:48', NULL),
(207, '0C55004C', 'E11F4B85', 1, NULL, 'Hey user test, Order(VEGIORD7654524948) has been Assigned to You.', NULL, '2020-12-15 05:54:48', NULL),
(208, '91B3AE9E', 'GNGORD3956146980', 2, NULL, 'Hey vaibhavi sojitraa, Your Order is Confirmed', NULL, '2020-12-15 06:27:42', NULL),
(209, '0C55004C', 'VEGIORD8518301394', 2, NULL, 'Hey Ankur Kalkani, Your Order is Confirmed', NULL, '2020-12-16 05:06:18', NULL),
(214, '51FDDABC', 'VEGIORD7682823001', 4, NULL, 'Hey Anurag Savaliya, Your Order is Cancelled. Please check your order status for more details', NULL, '2020-12-16 19:01:08', NULL),
(215, '51FDDABC', 'VEGIORD8472722541', 4, NULL, 'Hey Anurag Savaliya, Your Order is Cancelled. Please check your order status for more details', NULL, '2020-12-16 19:04:44', NULL),
(216, '9B5FD400', 'VEGIORD1039608278', 4, NULL, 'Hey Ankur Kalkani, Your Order is Cancelled. Please check your order status for more details', NULL, '2020-12-17 10:28:37', NULL),
(217, '91B3AE9E', 'VEGIORD5558688806', 2, NULL, 'Hey vaibhavi sojitraa, Your Order is Confirmed', NULL, '2020-12-17 17:07:20', NULL),
(218, '91B3AE9E', '2B48D762', 1, NULL, 'hello, anuragDel, you have new delivery', NULL, '2020-12-17 17:07:20', NULL),
(219, '51FDDABC', 'VEGIORD3931944276', 2, NULL, 'Hey Anurag Savaliya, Your Order is Confirmed', NULL, '2020-12-17 17:19:36', NULL),
(220, '51FDDABC', '2B48D762', 1, NULL, 'hello, anuragDel, you have new delivery', NULL, '2020-12-17 17:19:36', NULL),
(221, '51FDDABC', 'VEGIORD9718980972', 2, NULL, 'Hey Anurag Savaliya, Your Order is Confirmed', NULL, '2020-12-17 17:51:51', NULL),
(222, '51FDDABC', '2B48D762', 1, NULL, 'hello, anuragDel, you have new delivery', NULL, '2020-12-17 17:51:52', NULL),
(223, '51FDDABC', 'VEGIORD4052861785', 2, NULL, 'Hey Anurag Savaliya, Your Order is Confirmed', NULL, '2020-12-17 17:52:00', NULL),
(224, '51FDDABC', '2B48D762', 1, NULL, 'hello, anuragDel, you have new delivery', NULL, '2020-12-17 17:52:00', NULL),
(225, '51FDDABC', 'GNGORD7561650603', 3, NULL, 'Hey Anurag Savaliya, Your Order is Completed', NULL, '2020-12-17 17:57:11', NULL),
(226, '51FDDABC', 'VEGIORD4052861785', 3, NULL, 'Hey Anurag Savaliya, Your Order is Completed', NULL, '2020-12-17 18:05:04', NULL),
(227, '51FDDABC', 'VEGIORD9718980972', 5, NULL, 'Hey Anurag Savaliya, Your Order is On Hold due to address not found', NULL, '2020-12-17 18:24:07', NULL),
(228, '51FDDABC', 'VEGIORD9718980972', 4, NULL, 'Hey Anurag Savaliya, Your Order is Cancelled. Please check your order status for more details', NULL, '2020-12-18 04:55:24', NULL),
(229, '9B5FD400', 'VEGIORD7045517518', 2, NULL, 'Hey Ankur Kalkani, Your Order is Confirmed', NULL, '2020-12-18 04:57:44', NULL),
(230, '9B5FD400', 'VEGIORD8394773666', 4, NULL, 'Hey Ankur Kalkani, Your Order is Cancelled. Please check your order status for more details', NULL, '2020-12-18 05:02:48', NULL),
(232, '9B5FD400', 'VEGIORD8491559802', 2, NULL, 'Hey Ankur Kalkani, Your Order is Confirmed', NULL, '2020-12-18 09:54:50', NULL),
(233, '9B5FD400', '2B48D762', 1, NULL, 'hello, anuragDel, you have new delivery', NULL, '2020-12-18 09:54:51', NULL),
(234, '51FDDABC', 'VEGIORD8593096187', 2, NULL, 'Hey Anurag Savaliya, Your Order is Confirmed', NULL, '2020-12-18 15:57:19', NULL),
(235, '51FDDABC', '2B48D762', 1, NULL, 'hello, anuragDel, you have new delivery', NULL, '2020-12-18 15:57:19', NULL),
(236, '51FDDABC', 'VEGIORD9977488161', 2, NULL, 'Hey Anurag Savaliya, Your Order is Confirmed', NULL, '2020-12-18 15:57:28', NULL),
(237, '51FDDABC', '2B48D762', 1, NULL, 'hello, anuragDel, you have new delivery', NULL, '2020-12-18 15:57:28', NULL),
(241, '17C9BBF4', 'VEGIORD1811565234', 2, 'Order Confirmed', 'Hey Ankur Kalkani, Your Order is Confirmed', NULL, '2020-12-19 06:16:22', NULL),
(242, '17C9BBF4', '2B48D762', 1, 'New Delivery', 'hello, anuragDel, you have new delivery', NULL, '2020-12-19 06:16:22', NULL),
(244, '17C9BBF4', 'VEGIORD7971895838', 2, 'Order Confirmed', 'Hey Ankur Kalkani, Your Order is Confirmed', NULL, '2020-12-19 06:20:45', NULL),
(245, '17C9BBF4', '54850FFF', 1, 'New Delivery', 'hello, Anurag, you have new delivery', NULL, '2020-12-19 06:20:45', NULL),
(246, '0C55004C', 'VEGIORD6441758301', 2, 'Order Confirmed', 'Hey Ankur Kalkani, Your Order is Confirmed', NULL, '2020-12-19 06:22:09', NULL),
(247, '0C55004C', '2B48D762', 1, 'New Delivery', 'hello, anuragDel, you have new delivery', NULL, '2020-12-19 06:22:10', NULL),
(248, '0C55004C', 'VEGIORD2747681632', 2, 'Order Confirmed', 'Hey Ankur Kalkani, Your Order is Confirmed', NULL, '2020-12-19 06:22:28', NULL),
(250, '91B3AE9E', 'VEGIORD1777869115', 2, 'Order Confirmed', 'Hey vaibhavi sojitraa, Your Order is Confirmed', NULL, '2020-12-19 07:04:44', NULL),
(255, '', '', 7, 'Test', 'Test', '', '2020-12-19 10:08:22', NULL),
(256, '', '', 7, 'Test', 'Test', 'notification_788.png', '2020-12-19 10:08:45', NULL),
(257, '9B5FD400', 'VEGIORD7083995061', 2, 'Order Confirmed', 'Hey Ankur Kalkani, Your Order(VEGIORD7083995061) is Confirmed', NULL, '2020-12-19 10:12:15', NULL),
(258, '9B5FD400', '2B48D762', 1, 'New Delivery', 'hello, anuragDel, you have new delivery', NULL, '2020-12-19 10:12:15', NULL),
(259, '9B5FD400', 'VEGIORD2686780830', 2, 'Order Confirmed', 'Hey Ankur Kalkani, Your Order(VEGIORD2686780830) is Confirmed', NULL, '2020-12-19 10:19:36', NULL),
(260, '9B5FD400', '2B48D762', 1, 'New Delivery', 'hello, anuragDel, you have new delivery', NULL, '2020-12-19 10:19:36', NULL),
(261, '17C9BBF4', 'VEGIORD7186968677', 2, 'Order Confirmed', 'Hey Ankur Kalkani, Your Order(VEGIORD7186968677) is Confirmed', NULL, '2020-12-19 10:21:36', NULL),
(262, '91B3AE9E', 'VEGIORD3834622435', 2, 'Order Confirmed', 'Hey vaibhavi sojitraa, Your Order(VEGIORD3834622435) is Confirmed', NULL, '2020-12-19 10:21:50', NULL),
(263, '4167316B', 'VEGIORD1637581171', 2, 'Order Confirmed', 'Hey Dekho India, Your Order(VEGIORD1637581171) is Confirmed', NULL, '2020-12-19 10:27:50', NULL),
(264, '4167316B', '2B48D762', 1, 'New Delivery', 'hello, anuragDel, you have new delivery', NULL, '2020-12-19 10:27:50', NULL),
(265, 'AC8C4388', 'VEGIORD9398167948', 2, 'Order Confirmed', 'Hey Jeel khokhariya, Your Order(VEGIORD9398167948) is Confirmed', NULL, '2020-12-19 10:28:50', NULL),
(266, 'AC8C4388', 'VEGIORD7535300165', 4, 'Order Cancelled', 'Hey Jeel khokhariya, Your Order(VEGIORD7535300165) is Cancelled. Please check your order status for more details', NULL, '2020-12-19 10:29:47', NULL),
(267, '4167316B', 'VEGIORD4333370002', 2, 'Order Confirmed', 'Hey Dekho India, Your Order(VEGIORD4333370002) is Confirmed', NULL, '2020-12-19 10:30:05', NULL),
(268, 'AC8C4388', 'VEGIORD3501903985', 2, 'Order Confirmed', 'Hey Jeel khokhariya, Your Order(VEGIORD3501903985) is Confirmed', NULL, '2020-12-19 10:30:53', NULL),
(269, 'AC8C4388', '2B48D762', 1, 'New Delivery', 'hello, anuragDel, you have new delivery', NULL, '2020-12-19 10:30:53', NULL),
(270, 'AC8C4388', 'VEGIORD5739468912', 2, 'Order Confirmed', 'Hey Jeel khokhariya, Your Order(VEGIORD5739468912) is Confirmed', NULL, '2020-12-19 10:37:50', NULL),
(271, 'AC8C4388', '2B48D762', 1, 'New Delivery', 'hello, anuragDel, you have new delivery', NULL, '2020-12-19 10:37:50', NULL),
(272, '', '', 7, 'Hello GNG', 'test', '', '2020-12-19 10:38:06', NULL),
(273, '', '', 7, 'Hello GNG', 'test', '', '2020-12-19 10:38:24', NULL),
(274, '', '', 7, 'Hello GNG', '123', '', '2020-12-19 10:40:40', NULL),
(275, 'AC8C4388', 'VEGIORD8932073860', 2, 'Order Confirmed', 'Hey Jeel khokhariya, Your Order(VEGIORD8932073860) is Confirmed', NULL, '2020-12-19 10:41:04', NULL),
(276, 'AC8C4388', '54850FFF', 1, 'New Delivery', 'hello, Anurag, you have new delivery', NULL, '2020-12-19 10:41:04', NULL),
(277, 'AC8C4388', 'VEGIORD4198239513', 2, 'Order Confirmed', 'Hey Jeel khokhariya, Your Order(VEGIORD4198239513) is Confirmed', NULL, '2020-12-19 10:43:36', NULL),
(278, 'AC8C4388', '54850FFF', 1, 'New Delivery', 'hello, Anurag, you have new delivery', NULL, '2020-12-19 10:43:36', NULL),
(279, '0C55004C', 'VEGIORD1860258131', 2, 'Order Confirmed', 'Hey Ankur Kalkani, Your Order(VEGIORD1860258131) is Confirmed', NULL, '2020-12-20 04:58:49', NULL),
(280, '51FDDABC', 'VEGIORD9174201778', 4, 'Order Cancelled', 'Hey Anurag Savaliya, Your Order(VEGIORD9174201778) is Cancelled. Please check your order status for more details', NULL, '2020-12-20 05:55:00', NULL),
(281, '', '', 7, 'Test', 'Test Sunday', 'notification_937.png', '2020-12-20 05:56:31', NULL),
(282, '51FDDABC', 'VEGIORD4066317491', 2, 'Order Confirmed', 'Hey Anurag Savaliya, Your Order(VEGIORD4066317491) is Confirmed', NULL, '2020-12-20 06:16:58', NULL),
(283, '51FDDABC', 'VEGIORD7836167854', 2, 'Order Confirmed', 'Hey Anurag Savaliya, Your Order(VEGIORD7836167854) is Confirmed', NULL, '2020-12-20 07:17:55', NULL),
(284, '51FDDABC', 'VEGIORD1005117734', 2, 'Order Confirmed', 'Hey Anurag Savaliya, Your Order(VEGIORD1005117734) is Confirmed', NULL, '2020-12-20 07:32:51', NULL),
(285, '51FDDABC', '54850FFF', 1, 'New Delivery', 'hello, Anurag, you have new delivery', NULL, '2020-12-20 07:32:52', NULL),
(286, '51FDDABC', 'VEGIORD8487423396', 2, 'Order Confirmed', 'Hey Anurag Savaliya, Your Order(VEGIORD8487423396) is Confirmed', NULL, '2020-12-20 07:38:23', NULL),
(287, '51FDDABC', '2B48D762', 1, 'New Delivery', 'hello, anuragDel, you have new delivery', NULL, '2020-12-20 07:38:23', NULL),
(288, '51FDDABC', 'VEGIORD7836167854', 3, 'Order Completed', 'Hey Anurag Savaliya, Your Order(VEGIORD7836167854) is Completed', NULL, '2020-12-20 07:43:14', NULL),
(289, '9B5FD400', 'VEGIORD1382751840', 4, 'Order Cancelled', 'Hey Ankur Kalkani, Your Order(VEGIORD1382751840) is Cancelled. Please check your order status for more details', NULL, '2020-12-21 05:18:48', NULL),
(290, '17C9BBF4', 'VEGIORD8442428811', 2, 'Order Confirmed', 'Hey Ankur Kalkani, Your Order(VEGIORD8442428811) is Confirmed', NULL, '2020-12-21 05:31:28', NULL),
(291, '9B5FD400', 'VEGIORD1296070568', 2, 'Order Confirmed', 'Hey Ankur Kalkani, Your Order(VEGIORD1296070568) is Confirmed', NULL, '2020-12-21 05:32:25', NULL),
(292, '9B5FD400', 'VEGIORD1179802800', 2, 'Order Confirmed', 'Hey Ankur Kalkani, Your Order(VEGIORD1179802800) is Confirmed', NULL, '2020-12-21 05:33:02', NULL),
(293, '9B5FD400', 'VEGIORD7199295147', 2, 'Order Confirmed', 'Hey Ankur Kalkani, Your Order(VEGIORD7199295147) is Confirmed', NULL, '2020-12-21 05:33:29', NULL),
(294, '9B5FD400', 'E11F4B85', 1, 'New Delivery', 'hello, user test, you have new delivery', NULL, '2020-12-21 17:41:13', NULL);

-- --------------------------------------------------------

--
-- Table structure for table `tbl_orders`
--

CREATE TABLE IF NOT EXISTS `tbl_orders` (
  `id` int(11) NOT NULL,
  `order_id` text NOT NULL,
  `user_id` varchar(8) NOT NULL,
  `delivery_boy_user_id` varchar(8) DEFAULT NULL,
  `delivery_address_id` varchar(8) NOT NULL,
  `address` text,
  `latitude` varchar(50) DEFAULT NULL,
  `longitude` varchar(50) DEFAULT NULL,
  `total_amount` int(11) NOT NULL,
  `coupon_discount` varchar(100) DEFAULT NULL,
  `shipping_charge` varchar(100) DEFAULT NULL,
  `payment_type` tinyint(1) NOT NULL DEFAULT '0' COMMENT '1 for cod/2 for card',
  `transaction_id` varchar(100) DEFAULT NULL,
  `card_type` varchar(50) DEFAULT NULL,
  `card_number` varchar(100) DEFAULT NULL,
  `card_exp_date` varchar(50) DEFAULT NULL,
  `card_holder_name` text,
  `card_holder_email` text,
  `status` tinyint(1) NOT NULL DEFAULT '1' COMMENT '1 for processing / 2 for confirmed/3 for completed/4 for on hold/5 for cancelled/6 for delivery start',
  `hold_reason_type` tinyint(1) NOT NULL DEFAULT '0' COMMENT '1 for refused to accept/ 2 for not at home/ 3 for didn''t paid/ 4 for address not found',
  `ordered_at` datetime NOT NULL,
  `assigned_at` datetime DEFAULT NULL,
  `completed_at` datetime DEFAULT NULL,
  `cancelled_at` datetime DEFAULT NULL,
  `created_at` timestamp NOT NULL DEFAULT CURRENT_TIMESTAMP,
  `updated_at` datetime DEFAULT NULL
) ENGINE=InnoDB AUTO_INCREMENT=145 DEFAULT CHARSET=utf8mb4;

--
-- Dumping data for table `tbl_orders`
--

INSERT INTO `tbl_orders` (`id`, `order_id`, `user_id`, `delivery_boy_user_id`, `delivery_address_id`, `address`, `latitude`, `longitude`, `total_amount`, `coupon_discount`, `shipping_charge`, `payment_type`, `transaction_id`, `card_type`, `card_number`, `card_exp_date`, `card_holder_name`, `card_holder_email`, `status`, `hold_reason_type`, `ordered_at`, `assigned_at`, `completed_at`, `cancelled_at`, `created_at`, `updated_at`) VALUES
(77, 'VEGIORD8394773666', '9B5FD400', NULL, 'C9FC2222', 'fds,  dfs, dfsa, dfsa, Nikol Road, Ahamdabad, 987465', NULL, NULL, 65, '0', '15.0', 1, NULL, NULL, NULL, NULL, NULL, NULL, 5, 0, '2020-12-17 09:51:53', NULL, NULL, '2020-12-18 10:32:48', '2020-12-17 09:51:53', '2020-12-18 10:32:48'),
(78, 'VEGIORD7045517518', '9B5FD400', 'CF980198', 'A303B9D7', '137 Mahalaxmi Society Third Varachha Surat 395010', NULL, NULL, 115, '0', '15', 1, NULL, NULL, NULL, NULL, NULL, NULL, 2, 0, '2020-12-17 10:43:08', NULL, NULL, NULL, '2020-12-17 10:43:08', '2020-12-18 10:27:43'),
(79, 'VEGIORD1716320096', '9B5FD400', NULL, 'C9FC2222', 'Hourse No,  dfs, dfsa, dfsa, Nikol Road, Ahamdabad, 987465', NULL, NULL, 195, '20.0', '15.0', 1, NULL, NULL, NULL, NULL, NULL, NULL, 1, 0, '2020-12-17 11:01:30', NULL, NULL, NULL, '2020-12-17 11:01:30', NULL),
(82, 'VEGIORD4052861785', '51FDDABC', '2B48D762', '134E14FF', '219 kshama kshama Mahuva Road Bardoli 395008', '23.04191778773667', '72.56219878792763', 65, '0', '15', 1, NULL, NULL, NULL, NULL, NULL, NULL, 3, 0, '2020-12-17 05:41:27', NULL, '2020-12-17 11:35:04', NULL, '2020-12-17 17:41:27', '2020-12-17 23:35:04'),
(83, 'VEGIORD9718980972', '51FDDABC', '2B48D762', 'A49EAAAA', 'rupali kshama rupali Katargam Surat 395006', '21.22955234659783', '72.87681754678488', 165, '0', '15', 1, NULL, NULL, NULL, NULL, NULL, NULL, 5, 4, '2020-12-17 05:51:17', NULL, NULL, '2020-12-18 10:25:24', '2020-12-17 17:51:17', '2020-12-18 10:25:24'),
(85, 'VEGIORD5716773335', '91B3AE9E', NULL, 'BF5C4BF8', 'Mota Varachha', '21.2408', '72.8806', 92, '0', '10', 1, NULL, NULL, NULL, NULL, NULL, NULL, 1, 0, '2020-12-17 11:28:16', NULL, NULL, NULL, '2020-12-17 17:58:16', NULL),
(86, 'VEGIORD9643546326', '51FDDABC', NULL, '51BAE13B', 'shantinagar suryamukhi rupali Varachha Surat 395008', '22.030720926200374', '71.12402312457561', 265, '0', '15', 1, NULL, NULL, NULL, NULL, NULL, NULL, 1, 0, '2020-12-18 12:08:55', NULL, NULL, NULL, '2020-12-17 18:38:55', NULL),
(87, 'VEGIORD7535300165', 'AC8C4388', NULL, 'A2BE2A00', '59 shyam krishna raw shyam krishna raw hours Mota Varachha Surat 394101', '13.796700152031175', '76.20062101632357', 195, '20', '15', 1, NULL, NULL, NULL, NULL, NULL, NULL, 5, 0, '2020-12-18 09:40:25', NULL, NULL, '2020-12-19 03:59:47', '2020-12-18 04:10:25', '2020-12-19 15:59:47'),
(88, 'VEGIORD7050364360', '9B5FD400', NULL, 'C9FC2222', 'Hourse No,  dfs, dfsa, dfsa, Nikol Road, Ahamdabad, 987465', '-29.378035733676825', '24.29305808531214', 195, '20.0', '15.0', 1, NULL, NULL, NULL, NULL, NULL, NULL, 1, 0, '2020-12-18 10:39:56', NULL, NULL, NULL, '2020-12-18 05:09:56', NULL),
(89, 'VEGIORD7085031247', '9B5FD400', NULL, 'C9FC2222', 'Hourse No,  dfs, dfsa, dfsa, Nikol Road, Ahamdabad, 987465', '-29.378035733676825', '24.29305808531214', 155, '60.0', '15.0', 1, NULL, NULL, NULL, NULL, NULL, NULL, 1, 0, '2020-12-18 10:46:20', NULL, NULL, NULL, '2020-12-18 05:16:20', NULL),
(90, 'VEGIORD5428342640', '9B5FD400', NULL, 'C9FC2222', 'Hourse No,  dfs, dfsa, dfsa, Nikol Road, Ahamdabad, 987465', '-29.378035733676825', '24.29305808531214', 215, '0', '15.0', 1, NULL, NULL, NULL, NULL, NULL, NULL, 1, 0, '2020-12-18 10:46:49', NULL, NULL, NULL, '2020-12-18 05:16:49', NULL),
(91, 'VEGIORD3173851944', '9B5FD400', NULL, 'C9FC2222', 'Hourse No,  dfs, dfsa, dfsa, Nikol Road, Ahamdabad, 987465', '-29.378035733676825', '24.29305808531214', 195, '20.0', '15.0', 1, NULL, NULL, NULL, NULL, NULL, NULL, 1, 0, '2020-12-18 10:47:03', NULL, NULL, NULL, '2020-12-18 05:17:03', NULL),
(92, 'VEGIORD5910208333', '9B5FD400', NULL, 'C9FC2222', 'Hourse No,  dfs, dfsa, dfsa, Nikol Road, Ahamdabad, 987465', '-29.378035733676825', '24.29305808531214', 85, '30.0', '15.0', 1, NULL, NULL, NULL, NULL, NULL, NULL, 1, 0, '2020-12-18 10:49:53', NULL, NULL, NULL, '2020-12-18 05:19:53', NULL),
(93, 'VEGIORD7199295147', '9B5FD400', '2B48D762', 'C9FC2222', 'Hourse No,  dfs, dfsa, dfsa, Nikol Road, Ahamdabad, 987465', '-29.378035733676825', '24.29305808531214', 65, '0', '15.0', 2, NULL, NULL, NULL, NULL, NULL, NULL, 2, 0, '2020-12-18 11:50:38', NULL, NULL, NULL, '2020-12-18 06:20:38', '2020-12-21 11:03:28'),
(94, 'VEGIORD1179802800', '9B5FD400', '2B48D762', 'C9FC2222', 'Hourse No,  dfs, dfsa, dfsa, Nikol Road, Ahamdabad, 987465', '-29.378035733676825', '24.29305808531214', 65, '0', '15.0', 2, NULL, NULL, NULL, NULL, NULL, NULL, 2, 0, '2020-12-18 11:54:03', NULL, NULL, NULL, '2020-12-18 06:24:03', '2020-12-21 11:03:02'),
(95, 'VEGIORD1296070568', '9B5FD400', '2B48D762', 'C9FC2222', 'Hourse No,  dfs, dfsa, dfsa, Nikol Road, Ahamdabad, 987465', '-29.378035733676825', '24.29305808531214', 65, '0', '15.0', 2, NULL, NULL, NULL, NULL, NULL, NULL, 2, 0, '2020-12-18 12:05:31', NULL, NULL, NULL, '2020-12-18 06:35:31', '2020-12-21 11:02:24'),
(96, 'VEGIORD9693530251', '9B5FD400', NULL, 'C9FC2222', 'Hourse No,  dfs, dfsa, dfsa, Nikol Road, Ahamdabad, 987465', '-29.378035733676825', '24.29305808531214', 65, '0', '15.0', 2, NULL, NULL, NULL, NULL, NULL, NULL, 1, 0, '2020-12-18 03:03:49', NULL, NULL, NULL, '2020-12-18 09:33:49', NULL),
(97, 'VEGIORD1346224314', '9B5FD400', NULL, 'C9FC2222', 'Hourse No,  dfs, dfsa, dfsa, Nikol Road, Ahamdabad, 987465', '-29.378035733676825', '24.29305808531214', 120, '45.0', '15.0', 1, NULL, NULL, NULL, NULL, NULL, NULL, 1, 0, '2020-12-18 03:10:29', NULL, NULL, NULL, '2020-12-18 09:40:29', NULL),
(98, 'VEGIORD8491559802', '9B5FD400', '2B48D762', 'C9FC2222', 'Hourse No,  dfs, dfsa, dfsa, Nikol Road, Ahamdabad, 987465', '-29.378035733676825', '24.29305808531214', 120, '45.0', '15.0', 2, NULL, NULL, NULL, NULL, NULL, NULL, 2, 0, '2020-12-18 03:11:59', NULL, NULL, NULL, '2020-12-18 09:41:59', '2020-12-18 15:24:50'),
(99, 'VEGIORD4976979656', '9B5FD400', NULL, 'C9FC2222', 'Hourse No,  dfs, dfsa, dfsa, Nikol Road, Ahamdabad, 987465', '-29.378035733676825', '24.29305808531214', 120, '45.0', '15.0', 2, NULL, NULL, NULL, NULL, NULL, NULL, 1, 0, '2020-12-18 04:04:15', NULL, NULL, NULL, '2020-12-18 10:34:15', NULL),
(100, 'VEGIORD9977488161', '51FDDABC', '2B48D762', '51BAE13B', 'null', '22.030720926200374', '71.12402312457561', 65, '0', '15', 1, NULL, NULL, NULL, NULL, NULL, NULL, 2, 0, '2020-12-18 09:24:45', NULL, NULL, NULL, '2020-12-18 15:54:45', '2020-12-18 21:27:28'),
(101, 'VEGIORD8593096187', '51FDDABC', '2B48D762', '134E14FF', '{"address_type":1,"alt_mobile_number":"9924136218","area":"Mahuva Road","city":"Bardoli","delivery_address_id":"134E14FF","first_name":"Yagnesh","home_no":"219","is_default":0,"landmark":"hirabaug","last_name":"dhameliya","latitude":"23.04191778773667","longitude":"72.56219878792763","mobile_number":"9924136218","pincode":"395008","society":"kshama","street":"kshama","user_id":"51FDDABC"}', '23.04191778773667', '72.56219878792763', 65, '0', '15', 1, NULL, NULL, NULL, NULL, NULL, NULL, 2, 0, '2020-12-18 09:26:37', NULL, NULL, NULL, '2020-12-18 15:56:37', '2020-12-18 21:27:18'),
(102, 'VEGIORD6111082319', '91B3AE9E', NULL, 'BF5C4BF8', 'Mota Varachha', '21.2408', '72.8806', 250, '0', '15', 1, NULL, NULL, NULL, NULL, NULL, NULL, 1, 0, '2020-12-18 10:26:28', NULL, NULL, NULL, '2020-12-18 16:56:28', NULL),
(103, 'VEGIORD8600688411', '51FDDABC', NULL, '51BAE13B', '{"address_type":3,"area":"Varachha","city":"Surat","delivery_address_id":"51BAE13B","first_name":"anuragbhai","home_no":"shantinagar","is_default":0,"landmark":"hirabaug","last_name":"savaliya","latitude":"22.030720926200374","longitude":"71.12402312457561","mobile_number":"1231231231","pincode":"395008","society":"suryamukhi","street":"rupali","user_id":"51FDDABC"}', '22.030720926200374', '71.12402312457561', 365, '0', '15', 1, NULL, NULL, NULL, NULL, NULL, NULL, 1, 0, '2020-12-18 10:33:20', NULL, NULL, NULL, '2020-12-18 17:03:20', NULL),
(104, 'VEGIORD7541972782', '9B5FD400', NULL, 'C9FC2222', 'Hourse No,  dfs, dfsa, dfsa, Nikol Road, Ahamdabad, 987465', '-29.378035733676825', '24.29305808531214', 115, '0', '15.0', 1, NULL, NULL, NULL, NULL, NULL, NULL, 1, 0, '2020-12-18 10:42:10', NULL, NULL, NULL, '2020-12-18 17:12:10', NULL),
(105, 'VEGIORD2686780830', '9B5FD400', '2B48D762', 'C9FC2222', 'Hourse No,  dfs, dfsa, dfsa, Nikol Road, Ahamdabad, 987465', '-29.378035733676825', '24.29305808531214', 65, '0', '15.0', 1, NULL, NULL, NULL, NULL, NULL, NULL, 2, 0, '2020-12-19 09:27:17', NULL, NULL, NULL, '2020-12-19 03:57:17', '2020-12-19 15:49:36'),
(106, 'VEGIORD7083995061', '9B5FD400', '2B48D762', 'D27E9AE5', '137,  Third, Mahalaxmi, Yogi Chowk, Varachha, Surat, 395010', '19.0176147', '72.8561644', 155, '60.0', '15.0', 1, NULL, NULL, NULL, NULL, NULL, NULL, 2, 0, '2020-12-19 09:28:57', NULL, NULL, NULL, '2020-12-19 03:58:57', '2020-12-19 15:42:14'),
(107, 'VEGIORD2747681632', '0C55004C', 'CF980198', '1C3D28B5', 'House No,  Street, Society, Landmark, Mahuva Road, Bardoli, 123456', '21.238571715852895', '72.8712525122041', 65, '0', '15.0', 1, NULL, NULL, NULL, NULL, NULL, NULL, 2, 0, '2020-12-19 09:45:19', NULL, NULL, NULL, '2020-12-19 04:15:19', '2020-12-19 11:52:27'),
(108, 'VEGIORD6441758301', '0C55004C', '2B48D762', '1C3D28B5', 'House No,  Street, Society, Landmark, Mahuva Road, Bardoli, 123456', '21.238571715852895', '72.8712525122041', 65, '0', '15.0', 1, NULL, NULL, NULL, NULL, NULL, NULL, 2, 0, '2020-12-19 09:47:19', NULL, NULL, NULL, '2020-12-19 04:17:19', '2020-12-19 11:52:09'),
(109, 'VEGIORD7186968677', '17C9BBF4', '7ACFD6C3', 'E2610136', 'House no,  Street, Society, Landmark, Varachha, Surat, 123456', '21.2385939417266', '72.871153847873', 85, '30.0', '15.0', 1, NULL, NULL, NULL, NULL, NULL, NULL, 2, 0, '2020-12-19 10:03:57', NULL, NULL, NULL, '2020-12-19 04:33:57', '2020-12-19 15:51:36'),
(110, 'VEGIORD3834622435', '91B3AE9E', '7ACFD6C3', 'BF5C4BF8', 'Mota Varachha', '21.2408', '72.8806', 250, '0', '15', 1, NULL, NULL, NULL, NULL, NULL, NULL, 2, 0, '2020-12-19 10:13:23', NULL, NULL, NULL, '2020-12-19 04:43:23', '2020-12-19 15:51:49'),
(111, 'VEGIORD2396708523', '17C9BBF4', NULL, 'E2610136', 'House no,  Street, Society, Landmark, Varachha, Surat, 123456', '21.2385939417266', '72.871153847873', 85, '30.0', '15.0', 1, NULL, NULL, NULL, NULL, NULL, NULL, 1, 0, '2020-12-19 10:38:37', NULL, NULL, NULL, '2020-12-19 05:08:37', NULL),
(112, 'VEGIORD7944463763', '17C9BBF4', NULL, 'E2610136', 'House no,  Street, Society, Landmark, Varachha, Surat, 123456', '21.2385939417266', '72.871153847873', 115, '0', '15.0', 1, NULL, NULL, NULL, NULL, NULL, NULL, 1, 0, '2020-12-19 10:42:52', NULL, NULL, NULL, '2020-12-19 05:12:52', NULL),
(113, 'VEGIORD8442428811', '17C9BBF4', '2B48D762', 'E2610136', 'House no,  Street, Society, Landmark, Varachha, Surat, 123456', '21.2385939417266', '72.871153847873', 85, '30.0', '15.0', 1, NULL, NULL, NULL, NULL, NULL, NULL, 2, 0, '2020-12-19 10:43:37', NULL, NULL, NULL, '2020-12-19 05:13:37', '2020-12-21 11:01:27'),
(120, 'VEGIORD1214654098', '2744498C', NULL, '1D19196B', '111,  Street, Society, Landmark, Varachha, Surat, 123456', '21.238672666670848', '72.87114293225468', 115, '0', '15.0', 1, NULL, NULL, NULL, NULL, NULL, NULL, 1, 0, '2020-12-19 03:44:56', NULL, NULL, NULL, '2020-12-19 10:14:56', NULL),
(121, 'VEGIORD1637581171', '4167316B', '2B48D762', 'B2979F41', '75 Wilson street,  Hill area, River kent, Central, Mota Varachha, Surat, 394101', '21.227255230809394', '72.86870325518845', 185, '0', '15.0', 1, NULL, NULL, NULL, NULL, NULL, NULL, 2, 0, '2020-12-19 03:54:46', NULL, NULL, NULL, '2020-12-19 10:24:46', '2020-12-19 15:57:49'),
(122, 'VEGIORD9398167948', 'AC8C4388', 'CF980198', 'A2BE2A00', '59,  shyam krishna raw hours, shyam krishna raw, mota varachha, Mota Varachha, Surat, 394101', '13.796700152031175', '76.20062101632357', 315, '0', '15.0', 1, NULL, NULL, NULL, NULL, NULL, NULL, 2, 0, '2020-12-19 03:58:22', NULL, NULL, NULL, '2020-12-19 10:28:22', '2020-12-19 15:58:50'),
(123, 'VEGIORD4333370002', '4167316B', '7ACFD6C3', 'B2979F41', '75 Wilson street,  Hill area, River kent, Central, Mota Varachha, Surat, 394101', '21.227255230809394', '72.86870325518845', 65, '0', '15.0', 1, NULL, NULL, NULL, NULL, NULL, NULL, 2, 0, '2020-12-19 03:59:45', NULL, NULL, NULL, '2020-12-19 10:29:45', '2020-12-19 16:00:04'),
(124, 'VEGIORD3501903985', 'AC8C4388', '2B48D762', 'A2BE2A00', '59,  shyam krishna raw hours, shyam krishna raw, mota varachha, Mota Varachha, Surat, 394101', '13.796700152031175', '76.20062101632357', 215, '0', '15.0', 1, NULL, NULL, NULL, NULL, NULL, NULL, 2, 0, '2020-12-19 04:00:37', NULL, NULL, NULL, '2020-12-19 10:30:37', '2020-12-19 16:00:53'),
(125, 'VEGIORD9646370235', '4167316B', NULL, 'B2979F41', '75 Wilson street,  Hill area, River kent, Central, Mota Varachha, Surat, 394101', '21.227255230809394', '72.86870325518845', 155, '0', '15.0', 1, NULL, NULL, NULL, NULL, NULL, NULL, 1, 0, '2020-12-19 04:02:55', NULL, NULL, NULL, '2020-12-19 10:32:55', NULL),
(126, 'VEGIORD5739468912', 'AC8C4388', '2B48D762', 'A2BE2A00', '59,  shyam krishna raw hours, shyam krishna raw, mota varachha, Mota Varachha, Surat, 394101', '13.796700152031175', '76.20062101632357', 165, '0', '15.0', 1, NULL, NULL, NULL, NULL, NULL, NULL, 2, 0, '2020-12-19 04:07:25', NULL, NULL, NULL, '2020-12-19 10:37:25', '2020-12-19 16:07:50'),
(127, 'VEGIORD8932073860', 'AC8C4388', '54850FFF', 'A2BE2A00', '59,  shyam krishna raw hours, shyam krishna raw, mota varachha, Mota Varachha, Surat, 394101', '13.796700152031175', '76.20062101632357', 735, '0', '15.0', 1, NULL, NULL, NULL, NULL, NULL, NULL, 2, 0, '2020-12-19 04:10:50', NULL, NULL, NULL, '2020-12-19 10:40:50', '2020-12-19 16:11:03'),
(128, 'VEGIORD4198239513', 'AC8C4388', '54850FFF', 'A2BE2A00', '59,  shyam krishna raw hours, shyam krishna raw, mota varachha, Mota Varachha, Surat, 394101', '13.796700152031175', '76.20062101632357', 515, '0', '15.0', 1, NULL, NULL, NULL, NULL, NULL, NULL, 2, 0, '2020-12-19 04:12:03', NULL, NULL, NULL, '2020-12-19 10:42:03', '2020-12-19 16:13:36'),
(129, 'VEGIORD6859140934', '5DFA8E34', NULL, 'BF5C4BF8', 'Mota Varachha', '21.2408', '72.8806', 250, '0', '15', 1, NULL, NULL, NULL, NULL, NULL, NULL, 1, 0, '2020-12-19 08:41:50', NULL, NULL, NULL, '2020-12-19 15:11:50', NULL),
(130, 'VEGIORD9174201778', '51FDDABC', NULL, 'shantina', '{"address_type":3,"area":"Varachha","city":"Surat","delivery_address_id":"51BAE13B","first_name":"anuragbhai","home_no":"shantinagar","is_default":0,"landmark":"hirabaug","last_name":"savaliya","latitude":"22.030720926200374","longitude":"71.12402312457561","mobile_number":"1231231231","pincode":"395008","society":"suryamukhi","street":"rupali","user_id":"51FDDABC"}', '22.030720926200374', '71.12402312457561', 50, '0', '15', 1, NULL, NULL, NULL, NULL, NULL, NULL, 5, 0, '2020-12-19 10:04:33', NULL, NULL, '2020-12-20 11:25:00', '2020-12-19 16:34:33', '2020-12-20 11:25:00'),
(131, 'VEGIORD1860258131', '0C55004C', 'CF980198', '1C3D28B5', 'House No,  Street, Society, Landmark, Mahuva Road, Bardoli, 123456', '21.238571715852895', '72.8712525122041', 65, '0', '15.0', 1, NULL, NULL, NULL, NULL, NULL, NULL, 2, 0, '2020-12-20 10:27:41', NULL, NULL, NULL, '2020-12-20 04:57:41', '2020-12-20 10:28:49'),
(132, 'VEGIORD4544235273', '51FDDABC', NULL, 'shantina', '{"address_type":3,"area":"Varachha","city":"Surat","delivery_address_id":"51BAE13B","first_name":"anuragbhai","home_no":"shantinagar","is_default":0,"landmark":"hirabaug","last_name":"savaliya","latitude":"22.030720926200374","longitude":"71.12402312457561","mobile_number":"1231231231","pincode":"395008","society":"suryamukhi","street":"rupali","user_id":"51FDDABC"}', '22.030720926200374', '71.12402312457561', 50, '0', '15', 2, NULL, NULL, NULL, NULL, NULL, NULL, 1, 0, '2020-12-20 10:46:23', NULL, NULL, NULL, '2020-12-20 05:16:23', NULL),
(133, 'VEGIORD1552848097', '51FDDABC', NULL, 'shantina', '{"address_type":3,"area":"Varachha","city":"Surat","delivery_address_id":"51BAE13B","first_name":"anuragbhai","home_no":"shantinagar","is_default":0,"landmark":"hirabaug","last_name":"savaliya","latitude":"22.030720926200374","longitude":"71.12402312457561","mobile_number":"1231231231","pincode":"395008","society":"suryamukhi","street":"rupali","user_id":"51FDDABC"}', '22.030720926200374', '71.12402312457561', 150, '0', '15', 2, NULL, NULL, NULL, NULL, NULL, NULL, 1, 0, '2020-12-20 10:53:12', NULL, NULL, NULL, '2020-12-20 05:23:12', NULL),
(134, 'VEGIORD8487423396', '51FDDABC', '2B48D762', 'shantina', '{"address_type":3,"area":"Varachha","city":"Surat","delivery_address_id":"51BAE13B","first_name":"anuragbhai","home_no":"shantinagar","is_default":0,"landmark":"hirabaug","last_name":"savaliya","latitude":"22.030720926200374","longitude":"71.12402312457561","mobile_number":"1231231231","pincode":"395008","society":"suryamukhi","street":"rupali","user_id":"51FDDABC"}', '22.030720926200374', '71.12402312457561', 50, '0', '15', 2, NULL, NULL, NULL, NULL, NULL, NULL, 2, 0, '2020-12-20 10:54:16', NULL, NULL, NULL, '2020-12-20 05:24:16', '2020-12-20 13:08:23'),
(135, 'VEGIORD1005117734', '51FDDABC', '54850FFF', 'shantina', '{"address_type":3,"area":"Varachha","city":"Surat","delivery_address_id":"51BAE13B","first_name":"anuragbhai","home_no":"shantinagar","is_default":0,"landmark":"hirabaug","last_name":"savaliya","latitude":"22.030720926200374","longitude":"71.12402312457561","mobile_number":"1231231231","pincode":"395008","society":"suryamukhi","street":"rupali","user_id":"51FDDABC"}', '22.030720926200374', '71.12402312457561', 50, '0', '15', 2, NULL, NULL, NULL, NULL, NULL, NULL, 2, 0, '2020-12-20 10:59:45', NULL, NULL, NULL, '2020-12-20 05:29:45', '2020-12-20 13:02:51'),
(136, 'VEGIORD4066317491', '51FDDABC', '2B48D762', 'shantina', '{"address_type":3,"area":"Varachha","city":"Surat","delivery_address_id":"51BAE13B","first_name":"anuragbhai","home_no":"shantinagar","is_default":0,"landmark":"hirabaug","last_name":"savaliya","latitude":"22.030720926200374","longitude":"71.12402312457561","mobile_number":"1231231231","pincode":"395008","society":"suryamukhi","street":"rupali","user_id":"51FDDABC"}', '22.030720926200374', '71.12402312457561', 50, '0', '15', 2, NULL, NULL, NULL, NULL, NULL, NULL, 3, 0, '2020-12-20 11:08:50', NULL, '2020-12-21 09:38:26', NULL, '2020-12-20 05:38:50', '2020-12-21 09:38:26'),
(137, 'VEGIORD7836167854', '51FDDABC', '2B48D762', '51FDDABC', '{"address_type":1,"alt_mobile_number":"9924136218","area":"Mahuva Road","city":"Bardoli","delivery_address_id":"134E14FF","first_name":"Yagnesh","home_no":"219","is_default":0,"landmark":"hirabaug","last_name":"dhameliya","latitude":"23.04191778773667","longitude":"72.56219878792763","mobile_number":"9924136218","pincode":"395008","society":"kshama","street":"kshama","user_id":"51FDDABC"}', '23.04191778773667', '72.56219878792763', 1065, '0', '15', 1, NULL, NULL, NULL, NULL, NULL, NULL, 3, 0, '2020-12-20 12:45:08', NULL, '2020-12-20 01:13:14', NULL, '2020-12-20 07:15:08', '2020-12-20 13:13:14'),
(138, 'VEGIORD1584967375', '51FDDABC', NULL, '51FDDABC', '{"address_type":2,"alt_mobile_number":"7801916340","area":"Katargam","city":"Surat","delivery_address_id":"A49EAAAA","first_name":"Naresh bhai","home_no":"rupali","is_default":1,"landmark":"hirabaug","last_name":"savakiya","latitude":"21.22955234659783","longitude":"72.87681754678488","mobile_number":"99790123456","pincode":"395006","society":"kshama","street":"rupali","user_id":"51FDDABC"}', '21.22955234659783', '72.87681754678488', 120, '0', '15', 1, NULL, NULL, NULL, NULL, NULL, NULL, 1, 0, '2020-12-20 03:24:55', NULL, NULL, NULL, '2020-12-20 09:54:55', NULL),
(139, 'VEGIORD4050305294', '51FDDABC', NULL, '51FDDABC', '{"address_type":3,"area":"Varachha","city":"Surat","delivery_address_id":"51BAE13B","first_name":"anuragbhai","home_no":"shantinagar","is_default":0,"landmark":"hirabaug","last_name":"savaliya","latitude":"22.030720926200374","longitude":"71.12402312457561","mobile_number":"1231231231","pincode":"395008","society":"suryamukhi","street":"rupali","user_id":"51FDDABC"}', '22.030720926200374', '71.12402312457561', 265, '0', '15', 1, NULL, NULL, NULL, NULL, NULL, NULL, 1, 0, '2020-12-20 03:30:46', NULL, NULL, NULL, '2020-12-20 10:00:46', NULL),
(140, 'VEGIORD1865141092', '51FDDABC', NULL, '51FDDABC', '{"address_type":3,"area":"Varachha","city":"Surat","delivery_address_id":"51BAE13B","first_name":"anuragbhai","home_no":"shantinagar","is_default":0,"landmark":"hirabaug","last_name":"savaliya","latitude":"22.030720926200374","longitude":"71.12402312457561","mobile_number":"1231231231","pincode":"395008","society":"suryamukhi","street":"rupali","user_id":"51FDDABC"}', '22.030720926200374', '71.12402312457561', 200, '0', '15', 1, NULL, NULL, NULL, NULL, NULL, NULL, 1, 0, '2020-12-20 03:44:55', NULL, NULL, NULL, '2020-12-20 10:14:55', NULL),
(141, 'VEGIORD7610167003', '9B5FD400', 'E11F4B85', 'C9FC2222', 'Hourse No,  dfs, dfsa, dfsa, Nikol Road, Ahamdabad, 987465', '-29.378035733676825', '24.29305808531214', 85, '30.0', '15.0', 1, NULL, NULL, NULL, NULL, NULL, NULL, 2, 0, '2020-12-21 10:19:52', '2020-12-21 23:11:13', NULL, NULL, '2020-12-21 04:49:52', '2020-12-21 23:11:13'),
(142, 'VEGIORD9161293103', '9B5FD400', '2B48D762', 'C9FC2222', 'Hourse No,  dfs, dfsa, dfsa, Nikol Road, Ahamdabad, 987465', '-29.378035733676825', '24.29305808531214', 65, '50.0', '15.0', 1, NULL, NULL, NULL, NULL, NULL, NULL, 2, 0, '2020-12-21 10:22:45', NULL, NULL, NULL, '2020-12-21 04:52:45', '2020-12-21 11:00:38'),
(143, 'VEGIORD1382751840', '9B5FD400', NULL, 'D27E9AE5', '137,  Third, Mahalaxmi, Yogi Chowk, Varachha, Surat, 395010', '19.0176147', '72.8561644', 50, '115.5', '15.0', 2, NULL, NULL, NULL, NULL, NULL, NULL, 5, 0, '2020-12-21 10:47:51', NULL, NULL, '2020-12-21 10:48:48', '2020-12-21 05:17:51', '2020-12-21 10:48:48'),
(144, 'VEGIORD5372550343', '61368622', NULL, 'FDAE2B25', 'House no,  Third, Mahalaxmi, Yogi Chowk, Varachha, Surat, 395010', '21.23873401493286', '72.87120692713076', 193, '22.0', '15.0', 1, NULL, NULL, NULL, NULL, NULL, NULL, 1, 0, '2020-12-22 09:51:55', NULL, NULL, NULL, '2020-12-22 04:21:55', NULL);

-- --------------------------------------------------------

--
-- Table structure for table `tbl_orders_item`
--

CREATE TABLE IF NOT EXISTS `tbl_orders_item` (
  `id` int(11) NOT NULL,
  `item_id` varchar(8) NOT NULL,
  `order_id` text NOT NULL,
  `user_id` varchar(8) NOT NULL,
  `product_id` varchar(8) NOT NULL,
  `price_unit_id` varchar(8) NOT NULL,
  `quantity` varchar(100) NOT NULL,
  `deliver_at` datetime DEFAULT NULL,
  `cancelled_at` datetime DEFAULT NULL,
  `created_at` timestamp NOT NULL DEFAULT CURRENT_TIMESTAMP,
  `updated_at` datetime DEFAULT NULL
) ENGINE=InnoDB AUTO_INCREMENT=328 DEFAULT CHARSET=utf8mb4;

--
-- Dumping data for table `tbl_orders_item`
--

INSERT INTO `tbl_orders_item` (`id`, `item_id`, `order_id`, `user_id`, `product_id`, `price_unit_id`, `quantity`, `deliver_at`, `cancelled_at`, `created_at`, `updated_at`) VALUES
(209, '8BB2D115', 'VEGIORD8394773666', '9B5FD400', 'FDFC08D8', 'A098C6FB', '1', NULL, NULL, '2020-12-17 09:51:53', NULL),
(210, 'C05BBA0B', 'VEGIORD7045517518', '9B5FD400', 'C5A902C6', '0CF6DBCE', '1', NULL, NULL, '2020-12-17 10:43:08', NULL),
(211, 'B6AA94A0', 'VEGIORD7045517518', '9B5FD400', 'FDFC08D8', 'A098C6FB', '1', NULL, NULL, '2020-12-17 10:43:08', NULL),
(212, '7363B100', 'VEGIORD1716320096', '9B5FD400', 'C5A902C6', '0CF6DBCE', '2', NULL, NULL, '2020-12-17 11:01:30', NULL),
(213, '95ABC712', 'VEGIORD1716320096', '9B5FD400', 'FDFC08D8', 'A098C6FB', '2', NULL, NULL, '2020-12-17 11:01:30', NULL),
(214, 'EBFFD9CC', 'VEGIORD5558688806', '91B3AE9E', '17521E78', '1432598A', '2', NULL, NULL, '2020-12-17 16:17:02', NULL),
(215, '3667DC1D', 'VEGIORD5558688806', '91B3AE9E', '6121BF7A', 'FB108C0A', '1', NULL, NULL, '2020-12-17 16:17:02', NULL),
(220, '0A6DE5FD', 'VEGIORD4052861785', '51FDDABC', 'C5A902C6', '0CF6DBCE', '1', NULL, NULL, '2020-12-17 17:41:27', NULL),
(221, '7EBC49BF', 'VEGIORD9718980972', '51FDDABC', 'CB3081DC', '90ED9EA0', '1', NULL, NULL, '2020-12-17 17:51:17', NULL),
(222, '3D112C7D', 'VEGIORD2093475126', '91B3AE9E', '17521E78', '1432598A', '2', NULL, NULL, '2020-12-17 17:56:15', NULL),
(223, '3FB2A948', 'VEGIORD2093475126', '91B3AE9E', '6121BF7A', 'FB108C0A', '1', NULL, NULL, '2020-12-17 17:56:15', NULL),
(224, 'E0D12358', 'VEGIORD5716773335', '91B3AE9E', '17521E78', '1432598A', '2', NULL, NULL, '2020-12-17 17:58:16', NULL),
(225, 'D9F4321D', 'VEGIORD5716773335', '91B3AE9E', '6121BF7A', 'FB108C0A', '1', NULL, NULL, '2020-12-17 17:58:16', NULL),
(226, '16EF946D', 'VEGIORD9643546326', '51FDDABC', 'C5A902C6', '0CF6DBCE', '1', NULL, NULL, '2020-12-17 18:38:55', NULL),
(227, 'ACBE17CF', 'VEGIORD9643546326', '51FDDABC', '3EC88735', '90983E5E', '1', NULL, NULL, '2020-12-17 18:38:55', NULL),
(228, 'CFE35109', 'VEGIORD9643546326', '51FDDABC', 'CB3081DC', '90ED9EA0', '1', NULL, NULL, '2020-12-17 18:38:55', NULL),
(229, '43E91D2E', 'VEGIORD7535300165', 'AC8C4388', 'DCB19B9C', '4D96810D', '2', NULL, NULL, '2020-12-18 04:10:25', NULL),
(230, 'D7B39879', 'VEGIORD7050364360', '9B5FD400', 'C5A902C6', '0CF6DBCE', '4', NULL, NULL, '2020-12-18 05:09:56', NULL),
(231, 'B0859862', 'VEGIORD7085031247', '9B5FD400', 'C5A902C6', '0CF6DBCE', '4', NULL, NULL, '2020-12-18 05:16:20', NULL),
(232, '63C46B1B', 'VEGIORD5428342640', '9B5FD400', 'FDFC08D8', 'A098C6FB', '4', NULL, NULL, '2020-12-18 05:16:49', NULL),
(233, '61E83D5A', 'VEGIORD3173851944', '9B5FD400', 'C5A902C6', '0CF6DBCE', '4', NULL, NULL, '2020-12-18 05:17:03', NULL),
(234, '14D44AED', 'VEGIORD5910208333', '9B5FD400', 'C5A902C6', '0CF6DBCE', '2', NULL, NULL, '2020-12-18 05:19:53', NULL),
(235, 'C49259DC', 'VEGIORD7199295147', '9B5FD400', 'C5A902C6', '0CF6DBCE', '1', NULL, NULL, '2020-12-18 06:20:38', NULL),
(236, '824F0E5F', 'VEGIORD1179802800', '9B5FD400', 'C5A902C6', '0CF6DBCE', '1', NULL, NULL, '2020-12-18 06:24:03', NULL),
(237, 'E336A276', 'VEGIORD1296070568', '9B5FD400', 'FDFC08D8', 'A098C6FB', '1', NULL, NULL, '2020-12-18 06:35:31', NULL),
(238, 'BEBF9446', 'VEGIORD9693530251', '9B5FD400', 'C5A902C6', '0CF6DBCE', '1', NULL, NULL, '2020-12-18 09:33:49', NULL),
(239, 'BC83DBEB', 'VEGIORD1346224314', '9B5FD400', 'C5A902C6', '0CF6DBCE', '1', NULL, NULL, '2020-12-18 09:40:29', NULL),
(240, '298CB2E6', 'VEGIORD1346224314', '9B5FD400', 'FDFC08D8', 'A098C6FB', '1', NULL, NULL, '2020-12-18 09:40:29', NULL),
(241, '7177535D', 'VEGIORD1346224314', '9B5FD400', '3EC88735', '90983E5E', '1', NULL, NULL, '2020-12-18 09:40:29', NULL),
(242, 'F2D4C3D8', 'VEGIORD8491559802', '9B5FD400', '3EC88735', '90983E5E', '1', NULL, NULL, '2020-12-18 09:41:59', NULL),
(243, '46B4B19B', 'VEGIORD8491559802', '9B5FD400', 'FDFC08D8', 'A098C6FB', '1', NULL, NULL, '2020-12-18 09:41:59', NULL),
(244, 'BF8B6B44', 'VEGIORD8491559802', '9B5FD400', 'C5A902C6', '0CF6DBCE', '1', NULL, NULL, '2020-12-18 09:41:59', NULL),
(245, '40E7D5D2', 'VEGIORD4976979656', '9B5FD400', 'C5A902C6', '0CF6DBCE', '1', NULL, NULL, '2020-12-18 10:34:15', NULL),
(246, '81F06C6F', 'VEGIORD4976979656', '9B5FD400', 'FDFC08D8', 'A098C6FB', '1', NULL, NULL, '2020-12-18 10:34:15', NULL),
(247, '24BB6C42', 'VEGIORD4976979656', '9B5FD400', '3EC88735', '90983E5E', '1', NULL, NULL, '2020-12-18 10:34:15', NULL),
(248, '53C7C783', 'VEGIORD9977488161', '51FDDABC', 'C5A902C6', '0CF6DBCE', '1', NULL, NULL, '2020-12-18 15:54:45', NULL),
(249, '8F48CC65', 'VEGIORD8593096187', '51FDDABC', 'C5A902C6', '0CF6DBCE', '1', NULL, NULL, '2020-12-18 15:56:37', NULL),
(250, '2489B4F4', 'VEGIORD6111082319', '91B3AE9E', 'CB3081DC', '90ED9EA0', '1', NULL, NULL, '2020-12-18 16:56:28', NULL),
(251, '24407689', 'VEGIORD6111082319', '91B3AE9E', 'FD22B329', '2F58CF58', '2', NULL, NULL, '2020-12-18 16:56:28', NULL),
(252, '9859CAE9', 'VEGIORD8600688411', '51FDDABC', 'CB3081DC', '90ED9EA0', '1', NULL, NULL, '2020-12-18 17:03:20', NULL),
(253, 'A7947DD6', 'VEGIORD8600688411', '51FDDABC', 'FDFC08D8', 'A098C6FB', '1', NULL, NULL, '2020-12-18 17:03:20', NULL),
(254, '61806B2B', 'VEGIORD8600688411', '51FDDABC', 'C5A902C6', '0CF6DBCE', '1', NULL, NULL, '2020-12-18 17:03:20', NULL),
(255, '25AF7ED6', 'VEGIORD8600688411', '51FDDABC', 'CB3081DC', '90ED9EA0', '1', NULL, NULL, '2020-12-18 17:03:20', NULL),
(256, '4627D4A9', 'VEGIORD8600688411', '51FDDABC', 'CB3081DC', '90ED9EA0', '1', NULL, NULL, '2020-12-18 17:03:20', NULL),
(257, 'A34BF67F', 'VEGIORD8600688411', '51FDDABC', 'FDFC08D8', 'A098C6FB', '1', NULL, NULL, '2020-12-18 17:03:20', NULL),
(258, 'BBC7DCD6', 'VEGIORD7541972782', '9B5FD400', 'FDFC08D8', 'A098C6FB', '1', NULL, NULL, '2020-12-18 17:12:10', NULL),
(259, '44E78061', 'VEGIORD7541972782', '9B5FD400', 'C5A902C6', '0CF6DBCE', '1', NULL, NULL, '2020-12-18 17:12:10', NULL),
(260, '0D50E5FD', 'VEGIORD2686780830', '9B5FD400', 'C5A902C6', '0CF6DBCE', '1', NULL, NULL, '2020-12-19 03:57:17', NULL),
(261, 'A44904F0', 'VEGIORD7083995061', '9B5FD400', '3EC88735', '90983E5E', '2', NULL, NULL, '2020-12-19 03:58:57', NULL),
(262, '2A31316E', 'VEGIORD7083995061', '9B5FD400', 'FDFC08D8', 'A098C6FB', '1', NULL, NULL, '2020-12-19 03:58:57', NULL),
(263, '41114071', 'VEGIORD7083995061', '9B5FD400', 'C5A902C6', '0CF6DBCE', '1', NULL, NULL, '2020-12-19 03:58:57', NULL),
(264, 'EFC90CF4', 'VEGIORD2747681632', '0C55004C', '3EC88735', '90983E5E', '1', NULL, NULL, '2020-12-19 04:15:19', NULL),
(265, '60F8CC6D', 'VEGIORD2747681632', '0C55004C', 'FDFC08D8', 'A098C6FB', '1', NULL, NULL, '2020-12-19 04:15:19', NULL),
(266, 'AB803B62', 'VEGIORD2747681632', '0C55004C', 'C5A902C6', '0CF6DBCE', '1', NULL, NULL, '2020-12-19 04:15:19', NULL),
(267, '238B9B39', 'VEGIORD6441758301', '0C55004C', '3EC88735', '90983E5E', '1', NULL, NULL, '2020-12-19 04:17:19', NULL),
(268, '276F5332', 'VEGIORD6441758301', '0C55004C', 'FDFC08D8', 'A098C6FB', '1', NULL, NULL, '2020-12-19 04:17:19', NULL),
(269, '9FBC1FDF', 'VEGIORD6441758301', '0C55004C', 'C5A902C6', '0CF6DBCE', '1', NULL, NULL, '2020-12-19 04:17:19', NULL),
(270, '2ED3502A', 'VEGIORD7186968677', '17C9BBF4', '3EC88735', '90983E5E', '1', NULL, NULL, '2020-12-19 04:33:57', NULL),
(271, 'DEB7731D', 'VEGIORD7186968677', '17C9BBF4', 'FDFC08D8', 'A098C6FB', '1', NULL, NULL, '2020-12-19 04:33:57', NULL),
(272, '90DDCF1B', 'VEGIORD3834622435', '91B3AE9E', 'FD22B329', '2F58CF58', '2', NULL, NULL, '2020-12-19 04:43:23', NULL),
(273, '0F2F0BEE', 'VEGIORD3834622435', '91B3AE9E', 'CB3081DC', '90ED9EA0', '1', NULL, NULL, '2020-12-19 04:43:23', NULL),
(274, 'D306FE3C', 'VEGIORD2396708523', '17C9BBF4', 'C5A902C6', '0CF6DBCE', '1', NULL, NULL, '2020-12-19 05:08:37', NULL),
(275, 'CB050F10', 'VEGIORD2396708523', '17C9BBF4', 'FDFC08D8', 'A098C6FB', '1', NULL, NULL, '2020-12-19 05:08:37', NULL),
(276, '1448FD49', 'VEGIORD7944463763', '17C9BBF4', 'C5A902C6', '0CF6DBCE', '1', NULL, NULL, '2020-12-19 05:12:52', NULL),
(277, 'D1FF5E22', 'VEGIORD7944463763', '17C9BBF4', 'FDFC08D8', 'A098C6FB', '1', NULL, NULL, '2020-12-19 05:12:52', NULL),
(278, '0C852C66', 'VEGIORD8442428811', '17C9BBF4', 'C5A902C6', '0CF6DBCE', '1', NULL, NULL, '2020-12-19 05:13:37', NULL),
(279, '55CF4A43', 'VEGIORD8442428811', '17C9BBF4', 'FDFC08D8', 'A098C6FB', '1', NULL, NULL, '2020-12-19 05:13:37', NULL),
(289, '4A78C7D2', 'VEGIORD1214654098', '2744498C', 'FDFC08D8', 'A098C6FB', '1', NULL, NULL, '2020-12-19 10:14:56', NULL),
(290, '0EF46D83', 'VEGIORD1214654098', '2744498C', '3EC88735', '90983E5E', '1', NULL, NULL, '2020-12-19 10:14:56', NULL),
(291, '33C92164', 'VEGIORD1637581171', '4167316B', 'C5A902C6', '0CF6DBCE', '1', NULL, NULL, '2020-12-19 10:24:46', NULL),
(292, '485D6491', 'VEGIORD1637581171', '4167316B', '41FAF3DB', 'B2A9844B', '1', NULL, NULL, '2020-12-19 10:24:46', NULL),
(293, '496141C1', 'VEGIORD9398167948', 'AC8C4388', 'FD22B329', '2F58CF58', '2', NULL, NULL, '2020-12-19 10:28:22', NULL),
(294, '8C86E266', 'VEGIORD9398167948', 'AC8C4388', 'C5A902C6', '0CF6DBCE', '4', NULL, NULL, '2020-12-19 10:28:22', NULL),
(295, '659DB2FA', 'VEGIORD4333370002', '4167316B', 'C5A902C6', '0CF6DBCE', '1', NULL, NULL, '2020-12-19 10:29:45', NULL),
(296, 'A8456EA0', 'VEGIORD3501903985', 'AC8C4388', 'C5A902C6', '0CF6DBCE', '4', NULL, NULL, '2020-12-19 10:30:37', NULL),
(297, 'BCFBDBA1', 'VEGIORD9646370235', '4167316B', '9A167DBC', '20ED16BF', '1', NULL, NULL, '2020-12-19 10:32:55', NULL),
(298, '08A50F91', 'VEGIORD5739468912', 'AC8C4388', 'C5A902C6', '0CF6DBCE', '3', NULL, NULL, '2020-12-19 10:37:25', NULL),
(299, '8B89AC3F', 'VEGIORD8932073860', 'AC8C4388', '41FAF3DB', 'B2A9844B', '6', NULL, NULL, '2020-12-19 10:40:50', NULL),
(300, '364A1748', 'VEGIORD4198239513', 'AC8C4388', 'C5A902C6', '0CF6DBCE', '10', NULL, NULL, '2020-12-19 10:42:03', NULL),
(301, 'AA3F31A1', 'VEGIORD6859140934', '5DFA8E34', 'FD22B329', '2F58CF58', '2', NULL, NULL, '2020-12-19 15:11:50', NULL),
(302, 'F0B03BC5', 'VEGIORD6859140934', '5DFA8E34', 'CB3081DC', '90ED9EA0', '1', NULL, NULL, '2020-12-19 15:11:50', NULL),
(303, 'FA03D38A', 'VEGIORD9174201778', '51FDDABC', 'FD22B329', '2F58CF58', '1', NULL, NULL, '2020-12-19 16:34:33', NULL),
(304, '121AC340', 'VEGIORD1860258131', '0C55004C', 'C5A902C6', '0CF6DBCE', '1', NULL, NULL, '2020-12-20 04:57:41', NULL),
(305, 'D457B911', 'VEGIORD4544235273', '51FDDABC', 'C5A902C6', '0CF6DBCE', '1', NULL, NULL, '2020-12-20 05:16:23', NULL),
(306, '393F3119', 'VEGIORD1552848097', '51FDDABC', 'CB3081DC', '90ED9EA0', '1', NULL, NULL, '2020-12-20 05:23:12', NULL),
(307, '39054641', 'VEGIORD8487423396', '51FDDABC', 'C5A902C6', '0CF6DBCE', '1', NULL, NULL, '2020-12-20 05:24:16', NULL),
(308, '4D32E5B5', 'VEGIORD1005117734', '51FDDABC', 'C5A902C6', '0CF6DBCE', '1', NULL, NULL, '2020-12-20 05:29:45', NULL),
(309, 'B3BBE441', 'VEGIORD4066317491', '51FDDABC', 'C5A902C6', '0CF6DBCE', '1', NULL, NULL, '2020-12-20 05:38:50', NULL),
(310, '2E33D9FD', 'VEGIORD7836167854', '51FDDABC', 'C5A902C6', '0CF6DBCE', '7', NULL, NULL, '2020-12-20 07:15:08', NULL),
(311, 'B624689C', 'VEGIORD7836167854', '51FDDABC', 'FDFC08D8', 'A098C6FB', '14', NULL, NULL, '2020-12-20 07:15:08', NULL),
(312, 'CC6CEB46', 'VEGIORD1584967375', '51FDDABC', 'C5A902C6', '0CF6DBCE', '2', NULL, NULL, '2020-12-20 09:54:55', NULL),
(313, '5A9E18BB', 'VEGIORD1584967375', '51FDDABC', 'FDFC08D8', 'A098C6FB', '1', NULL, NULL, '2020-12-20 09:54:55', NULL),
(314, 'C4061D53', 'VEGIORD4050305294', '51FDDABC', 'C5A902C6', '0CF6DBCE', '2', NULL, NULL, '2020-12-20 10:00:46', NULL),
(315, '70C395F9', 'VEGIORD4050305294', '51FDDABC', 'FDFC08D8', 'A098C6FB', '3', NULL, NULL, '2020-12-20 10:00:46', NULL),
(316, '25C89346', 'VEGIORD1865141092', '51FDDABC', 'ED658B0A', 'DDF60614', '1', NULL, NULL, '2020-12-20 10:14:55', NULL),
(317, '51EDF037', 'VEGIORD1865141092', '51FDDABC', 'C5A902C6', '0CF6DBCE', '3', NULL, NULL, '2020-12-20 10:14:55', NULL),
(318, '42083CC3', 'VEGIORD7610167003', '9B5FD400', 'C5A902C6', '0CF6DBCE', '1', NULL, NULL, '2020-12-21 04:49:52', NULL),
(319, '3E8872E4', 'VEGIORD7610167003', '9B5FD400', 'FDFC08D8', 'A098C6FB', '1', NULL, NULL, '2020-12-21 04:49:52', NULL),
(320, 'AF874B99', 'VEGIORD9161293103', '9B5FD400', 'C5A902C6', '0CF6DBCE', '1', NULL, NULL, '2020-12-21 04:52:45', NULL),
(321, 'EE0BBF14', 'VEGIORD9161293103', '9B5FD400', 'FDFC08D8', 'A098C6FB', '1', NULL, NULL, '2020-12-21 04:52:45', NULL),
(322, 'EF746AAE', 'VEGIORD1382751840', '9B5FD400', 'C5A902C6', '0CF6DBCE', '1', NULL, NULL, '2020-12-21 05:17:51', NULL),
(323, '6DBEC256', 'VEGIORD1382751840', '9B5FD400', 'FDFC08D8', 'A098C6FB', '1', NULL, NULL, '2020-12-21 05:17:51', NULL),
(324, '3AA39C51', 'VEGIORD1382751840', '9B5FD400', '3EC88735', '90983E5E', '1', NULL, NULL, '2020-12-21 05:17:51', NULL),
(325, '87062D2C', 'VEGIORD5372550343', '61368622', 'C5A902C6', '0CF6DBCE', '1', NULL, NULL, '2020-12-22 04:21:55', NULL),
(326, '28B7D799', 'VEGIORD5372550343', '61368622', 'FDFC08D8', 'A098C6FB', '1', NULL, NULL, '2020-12-22 04:21:55', NULL),
(327, '9B39358B', 'VEGIORD5372550343', '61368622', '3EC88735', '90983E5E', '2', NULL, NULL, '2020-12-22 04:21:55', NULL);

-- --------------------------------------------------------

--
-- Table structure for table `tbl_order_review`
--

CREATE TABLE IF NOT EXISTS `tbl_order_review` (
  `id` int(11) NOT NULL,
  `user_id` varchar(8) NOT NULL,
  `order_id` text NOT NULL,
  `review` text NOT NULL,
  `rating` tinyint(1) NOT NULL DEFAULT '0',
  `created_at` timestamp NOT NULL DEFAULT CURRENT_TIMESTAMP,
  `updated_at` datetime DEFAULT NULL
) ENGINE=InnoDB AUTO_INCREMENT=19 DEFAULT CHARSET=utf8mb4;

--
-- Dumping data for table `tbl_order_review`
--

INSERT INTO `tbl_order_review` (`id`, `user_id`, `order_id`, `review`, `rating`, `created_at`, `updated_at`) VALUES
(1, '91B3AE9E', 'GNGORD9234525480', 'Good', 2, '2020-12-08 15:54:48', NULL),
(2, '91B3AE9E', 'GNGORD3956146980', 'Average', 4, '2020-12-08 15:55:20', NULL),
(3, '91B3AE9E', 'VEGIORD9641393336', 'Good Product', 1, '2020-12-08 15:55:39', NULL),
(4, '2744498C', 'VEGIORD2342958319', 'Good Product', 1, '2020-12-10 11:21:51', NULL),
(5, '5DFA8E34', 'VEGIORD9641393336', 'Good Product', 1, '2020-12-10 17:29:26', NULL),
(6, '2744498C', 'VEGIORD2682085153', 'Good Product', 4, '2020-12-11 04:33:49', NULL),
(7, '2744498C', 'VEGIORD6532136629', '2.718281828', 0, '2020-12-11 05:12:28', NULL),
(8, '2744498C', 'VEGIORD5697334911', 'This is testing description statement. This is testing purpose string statement.', 2, '2020-12-11 05:16:54', NULL),
(9, '2744498C', 'VEGIORD4865886232', 'Bss', 2, '2020-12-11 06:18:52', NULL),
(10, '2744498C', 'VEGIORD8867769604', 'Test', 2, '2020-12-11 06:33:06', NULL),
(11, '2744498C', 'VEGIORD1078006390', 'Wow amazing vegetable.', 5, '2020-12-11 06:43:30', NULL),
(12, '2744498C', 'VEGIORD8038220425', 'Thik', 2, '2020-12-11 06:57:18', NULL),
(13, '5DFA8E34', 'GNGORD9736749876', 'Good Product test', 4, '2020-12-12 16:39:27', NULL),
(14, '51FDDABC', 'VEGIORD8066748684', 'Yup nice products', 4, '2020-12-12 17:43:45', NULL),
(15, '51FDDABC', 'VEGIORD9387164540', 'Best of all the best ', 1, '2020-12-12 17:54:55', NULL),
(16, '0C55004C', 'VEGIORD4259403156', 'Wow amazing Service & Products', 5, '2020-12-14 13:10:07', NULL),
(17, '51FDDABC', 'VEGIORD7836167854', 'This is for testing', 5, '2020-12-20 07:44:02', NULL),
(18, '51FDDABC', 'VEGIORD4052861785', 'tt', 4, '2020-12-20 08:08:13', NULL);

-- --------------------------------------------------------

--
-- Table structure for table `tbl_products`
--

CREATE TABLE IF NOT EXISTS `tbl_products` (
  `id` int(11) NOT NULL,
  `product_id` varchar(8) NOT NULL,
  `name` varchar(80) NOT NULL,
  `description` text,
  `product_image` text,
  `stock_status` tinyint(1) NOT NULL DEFAULT '1',
  `category_id` varchar(8) NOT NULL,
  `coupon_code` varchar(10) DEFAULT NULL,
  `created_at` timestamp NOT NULL DEFAULT CURRENT_TIMESTAMP,
  `updated_at` datetime DEFAULT NULL
) ENGINE=InnoDB AUTO_INCREMENT=23 DEFAULT CHARSET=utf8mb4;

--
-- Dumping data for table `tbl_products`
--

INSERT INTO `tbl_products` (`id`, `product_id`, `name`, `description`, `product_image`, `stock_status`, `category_id`, `coupon_code`, `created_at`, `updated_at`) VALUES
(1, '6121BF7A', 'Tomato', 'tomato', 'product_627.png', 1, '3', NULL, '2020-09-11 15:47:24', '2020-12-14 05:08:56'),
(2, 'F82C7352', 'Potato', NULL, 'product_754.jfif,product_496.jfif', 1, '4', '95AD532E', '2020-09-11 16:31:14', '2020-12-14 05:06:19'),
(3, '17521E78', 'Capsicum (Green)', '<p>Benefits</p><p>Capsicums are an excellent source of vitamin A and C</p>', 'product_159.jfif', 0, '2', NULL, '2020-09-11 16:32:47', '2020-10-17 10:08:11'),
(4, '37CDFE01', 'Barccoli', NULL, 'product_977.jfif', 1, '2', NULL, '2020-09-11 16:33:16', '2020-12-13 07:54:52'),
(5, 'DBAA9391', 'Capsicum (Red)', NULL, 'product_404.jfif', 1, '2', NULL, '2020-09-11 16:36:04', '2020-12-14 05:09:20'),
(6, '793B1BA6', 'Apple', '<h5><b>Benefits</b></h5><ul><li>Apples Are Nutritious.</li><li> Apples May Be Good for Weight Loss.</li><li>Apples May Be Good for Your Heart. </li><li>They''re Linked to a Lower Risk of Diabetes. </li></ul><p>\r\n</p>', 'product_276.jpg,product_461.jpg', 1, '5', NULL, '2020-11-02 16:52:34', NULL),
(7, '7E718052', 'Green Kiwi', NULL, 'product_383.png,product_637.png', 1, '5', NULL, '2020-11-02 16:58:22', '2020-12-14 05:04:39'),
(8, '5370BE6B', 'Pomegranate', '<h3 style="background-repeat: no-repeat; margin-right: 0px; margin-bottom: 0px; margin-left: 0px; padding: 0px; font-size: 16px; font-family: Roboto, sans-serif; background-color: rgb(250, 250, 250);">Benefits</h3><p style="background-repeat: no-repeat; margin-right: 0px; margin-bottom: 0px; margin-left: 0px; padding: 0px; font-size: 16px; font-family: Roboto, sans-serif; background-color: rgb(250, 250, 250);"><span style="color: rgb(119, 119, 119); font-size: 14px;">Antioxidants. Share on Pinterest Pomegranates have been eaten throughout history for their health benefits</span><br></p>', 'product_134.png,product_584.png', 1, '5', NULL, '2020-11-02 17:01:34', '2020-12-14 05:05:03'),
(9, '8A1177E7', 'Carrot', NULL, 'product_469.webp', 1, '4', NULL, '2020-11-02 17:07:41', NULL),
(10, 'DC8FBDF8', 'Onion', NULL, 'product_389.webp,product_231.jpg', 1, '4', NULL, '2020-11-02 17:10:13', NULL),
(11, 'ED658B0A', 'Beet', NULL, 'product_584.jpg,product_810.png', 1, '3', NULL, '2020-11-02 17:17:26', '2020-12-14 05:07:37'),
(12, '3EC88735', 'Coriander', '<p><br></p><span style="color: rgb(0, 0, 0);"><br></span><br><p></p>', 'product_380.webp', 1, '6', NULL, '2020-11-02 17:58:32', '2020-12-15 09:33:55'),
(13, '11DA8537', 'Baby Potato', '<h3 style="background-repeat: no-repeat; margin-right: 0px; margin-bottom: 0px; margin-left: 0px; padding: 0px; font-size: 16px; font-family: Roboto, sans-serif; background-color: rgb(250, 250, 250);">Benefits</h3><p style="background-repeat: no-repeat; margin-right: 0px; margin-bottom: 0px; margin-left: 0px; padding: 0px; font-size: 16px; font-family: Roboto, sans-serif; background-color: rgb(250, 250, 250);"><div class="" style="background-repeat: no-repeat; box-sizing: border-box; margin: 0px; padding: 0px; color: rgb(51, 51, 51); font-family: Roboto, sans-serif; font-size: 14px; font-style: normal; font-variant-ligatures: normal; font-variant-caps: normal; font-weight: 400; letter-spacing: normal; orphans: 2; text-align: start; text-indent: 0px; text-transform: none; white-space: normal; widows: 2; word-spacing: 0px; -webkit-text-stroke-width: 0px; background-color: rgb(255, 255, 255); text-decoration-style: initial; text-decoration-color: initial;"></div><footer class="" style="background-repeat: no-repeat; box-sizing: border-box; margin: 0px; padding: 0px; position: relative; background-position: center center; color: rgb(51, 51, 51); font-family: Roboto, sans-serif; font-size: 14px; font-style: normal; font-variant-ligatures: normal; font-variant-caps: normal; font-weight: 400; letter-spacing: normal; orphans: 2; text-align: start; text-indent: 0px; text-transform: none; white-space: normal; widows: 2; word-spacing: 0px; -webkit-text-stroke-width: 0px; background-color: rgb(255, 255, 255); text-decoration-style: initial; text-decoration-color: initial;"></footer></p><div style="background-repeat: no-repeat; box-sizing: border-box; margin: 0px; padding: 0px; color: rgb(51, 51, 51); font-family: Roboto, sans-serif; font-size: 14px; font-style: normal; font-variant-ligatures: normal; font-variant-caps: normal; font-weight: 400; letter-spacing: normal; orphans: 2; text-align: start; text-indent: 0px; text-transform: none; white-space: normal; widows: 2; word-spacing: 0px; -webkit-text-stroke-width: 0px; background-color: rgb(255, 255, 255); text-decoration-style: initial; text-decoration-color: initial;"><div style="background-repeat: no-repeat; box-sizing: border-box; margin: 0px; padding: 0px;"><div class="sectionBodyWithColor" style="background-repeat: no-repeat; box-sizing: border-box; margin: 0px; padding: 40px 0px; background-color: rgb(250, 250, 250);"><div class="container" style="background-repeat: no-repeat; box-sizing: border-box; margin: auto; padding: 0px; max-width: 1200px;"><div class="MuiGrid-root MuiGrid-container" style="background-repeat: no-repeat; box-sizing: border-box; margin: 0px; padding: 0px; width: 1200px; display: flex; flex-wrap: wrap;"><div class="MuiGrid-root MuiGrid-item MuiGrid-grid-sm-12" style="background-repeat: no-repeat; box-sizing: border-box; margin: 0px; padding: 0px; flex-grow: 0; max-width: 100%; flex-basis: 100%;"><div class="bulletList" style="background-repeat: no-repeat; box-sizing: border-box; margin: 0px; padding: 0px;"><ul class="bulletListBlock" style="background-repeat: no-repeat; box-sizing: border-box; margin: 0px; padding: 0px;"><li style="background-repeat: no-repeat; box-sizing: border-box; margin: 0px; padding: 0px; line-height: 26px; font-size: 14px; color: rgb(119, 119, 119);">They are a moderate source of vitamins, namely folate, Vitamin C, B1 and B6. These vitamins help in normal functioning of the nervous system and the heart, promotes healthy maintenance of bones, gums, teeth, and helps body resist infection and stress.</li></ul></div></div></div></div></div></div></div>', 'product_367.webp', 1, '4', NULL, '2020-11-03 16:24:31', '2020-11-03 16:24:53'),
(14, 'DCB19B9C', 'Green Garlic', NULL, 'product_482.png', 1, '4', NULL, '2020-11-03 16:27:30', '2020-12-14 05:05:56'),
(15, '9A167DBC', 'Fennel', '<span style="color: rgb(35, 31, 32); font-family: &quot;Proxima Nova&quot;, system-ui, sans-serif; font-size: 18px;">Fresh fennel bulb is a good source of vitamin C, a water-soluble vitamin critical for immune health, tissue repair, and collagen synthesis</span>', 'product_232.jpg,product_241.jpg', 1, '4', NULL, '2020-11-04 16:28:35', NULL),
(16, '41FAF3DB', 'Watermelon', NULL, 'product_456.png', 1, '5', NULL, '2020-11-04 16:41:41', '2020-12-14 04:56:36'),
(17, 'CB3081DC', 'Berries', NULL, 'product_613.jpg', 1, '5', NULL, '2020-11-04 16:43:36', NULL),
(18, 'FD22B329', 'Lauki', NULL, 'product_655.png', 1, '3', NULL, '2020-11-04 16:45:38', '2020-12-14 05:10:21'),
(20, 'FDFC08D8', 'Fresh Mint', '<h1 class="css-1jisqi6" style="-webkit-font-smoothing: antialiased; box-sizing: inherit; font-family: &quot;Proxima Nova Condensed&quot;, system-ui, sans-serif; font-size: 50px; line-height: 54px; margin-bottom: 30px; color: rgb(35, 31, 32);">8 Health Benefits of Mint</h1><div style="-webkit-font-smoothing: antialiased; box-sizing: inherit; color: rgb(35, 31, 32); font-family: &quot;Proxima Nova&quot;, system-ui, sans-serif; font-size: 18px;"><article class="article-body css-d2znx6 undefined" style="-webkit-font-smoothing: antialiased; box-sizing: inherit; margin-bottom: 25px;"><div class="css-0" style="-webkit-font-smoothing: antialiased; box-sizing: inherit;"><span style="-webkit-font-smoothing: antialiased; box-sizing: inherit; font-size: 0px; line-height: 0;"></span><h2 class="css-13i30ag" style="-webkit-font-smoothing: antialiased; box-sizing: inherit; position: relative; clear: both; font-size: 38px; line-height: 42px; margin-bottom: 15px; padding-top: 0px;"><div style="-webkit-font-smoothing: antialiased; box-sizing: inherit;"><a name="TOC_TITLE_HDR_1" style="-webkit-font-smoothing: antialiased; box-sizing: inherit;"></a><a class="css-5r4717" target="_blank" rel="noopener noreferrer" name="" style="-webkit-font-smoothing: antialiased; box-sizing: inherit; border-color: currentcolor; color: rgb(1, 173, 185);"></a></div></h2><div class="content_body" id="TOC_TITLE_1" style="-webkit-font-smoothing: antialiased; box-sizing: inherit;"><p style="-webkit-font-smoothing: antialiased; box-sizing: inherit; margin-bottom: 25px; margin-top: 25px; line-height: 26px;">Mint is the name for over a dozen plant species, including peppermint and spearmint, that belong to the genus&nbsp;<em style="-webkit-font-smoothing: antialiased; box-sizing: inherit;">Mentha</em>.</p><p style="-webkit-font-smoothing: antialiased; box-sizing: inherit; margin-bottom: 25px; margin-top: 25px; line-height: 26px;">These plants are particularly known for the cooling sensation they impart. They can be added to foods in both fresh and dried forms.</p></div></div></article></div>', 'product_644.png', 1, '6', NULL, '2020-12-14 05:11:53', NULL),
(21, 'C5A902C6', 'Fresh Basil', '<p style="box-sizing: inherit; margin-right: 0px; margin-bottom: 1.125rem; margin-left: 0px; line-height: 1.875rem; color: rgb(77, 77, 77); font-family: Roboto, Verdana, sans-serif; font-size: 19px; letter-spacing: -0.273104px;">Originally native to India, Asia, and Africa, basil was held to be a sacred and noble herb. In fact, the word basil comes from the ancient Greek basilikhon which means royal.</p><p style="box-sizing: inherit; margin-right: 0px; margin-bottom: 1.125rem; margin-left: 0px; line-height: 1.875rem; color: rgb(77, 77, 77); font-family: Roboto, Verdana, sans-serif; font-size: 19px; letter-spacing: -0.273104px;">Today, Ocimum basilicum (the scientific name for basil) grows in many places around the world. Many people even grow basil in their kitchens or gardens. This fragrant herb is used as a seasoning in a variety of dishes, and plays a key role in Italian and Thai cuisine.</p><p style="box-sizing: inherit; margin-right: 0px; margin-bottom: 1.125rem; margin-left: 0px; line-height: 1.875rem; color: rgb(77, 77, 77); font-family: Roboto, Verdana, sans-serif; font-size: 19px; letter-spacing: -0.273104px;"><span style="letter-spacing: -0.273104px;">Basil contains many vitamins and minerals, as well as antioxidants such as&nbsp;</span><a href="https://www.webmd.com/eye-health/lutein-zeaxanthin-vision" data-metrics-link="" style="box-sizing: inherit; transition-duration: 150ms; transition-property: color; color: var(--sf-secondary-b, #b5b5b5); background-color: rgb(255, 255, 255); font-weight: bold; letter-spacing: -0.273104px;">lutein</a><span style="letter-spacing: -0.273104px;">, zeaxanthin,&nbsp;</span><a href="https://www.webmd.com/vitamins-and-supplements/beta-carotene#1" data-metrics-link="" style="box-sizing: inherit; transition-duration: 150ms; transition-property: color; color: var(--sf-secondary-b, #b5b5b5); background-color: rgb(255, 255, 255); font-weight: bold; letter-spacing: -0.273104px;">beta-carotene</a><span style="letter-spacing: -0.273104px;">, and beta-cryptoxanthin. Many of basils health benefits come from these antioxidants, as well as its&nbsp;</span><a href="https://www.webmd.com/arthritis/qa/how-do-i-use-essential-oils" data-metrics-link="" style="box-sizing: inherit; transition-duration: 150ms; transition-property: color; color: var(--sf-secondary-b, #b5b5b5); background-color: rgb(255, 255, 255); font-weight: bold; letter-spacing: -0.273104px;">essential oils</a><span style="letter-spacing: -0.273104px;">. These compounds mostly disappear during the drying process, so opt for fresh basil whenever possible to gain the most benefits.</span><br></p>', 'product_314.png', 1, '6', NULL, '2020-12-14 05:13:56', '2020-12-14 17:12:57');

-- --------------------------------------------------------

--
-- Table structure for table `tbl_product_price_unit`
--

CREATE TABLE IF NOT EXISTS `tbl_product_price_unit` (
  `id` int(1) NOT NULL,
  `price_unit_id` varchar(8) NOT NULL,
  `product_id` varchar(8) NOT NULL,
  `price` varchar(50) NOT NULL,
  `discount` varchar(100) DEFAULT NULL,
  `unit` varchar(50) NOT NULL,
  `unit_id` int(11) NOT NULL,
  `created_at` timestamp NOT NULL DEFAULT CURRENT_TIMESTAMP,
  `updated_at` datetime DEFAULT NULL
) ENGINE=InnoDB AUTO_INCREMENT=38 DEFAULT CHARSET=utf8mb4;

--
-- Dumping data for table `tbl_product_price_unit`
--

INSERT INTO `tbl_product_price_unit` (`id`, `price_unit_id`, `product_id`, `price`, `discount`, `unit`, `unit_id`, `created_at`, `updated_at`) VALUES
(1, '206D50F2', '6121BF7A', '10', NULL, '250', 3, '2020-09-11 15:47:24', '2020-12-14 05:08:56'),
(3, 'BC1255C8', '6121BF7A', '20', NULL, '250', 3, '2020-09-11 15:47:24', '2020-12-14 05:08:56'),
(4, 'FB108C0A', '6121BF7A', '10', NULL, '100', 2, '2020-09-11 16:05:35', '2020-12-14 05:08:56'),
(5, '7A388E0E', 'F82C7352', '140', NULL, '500', 3, '2020-09-11 16:31:14', '2020-12-14 05:06:19'),
(6, '71609941', 'F82C7352', '50', NULL, '250', 3, '2020-09-11 16:31:14', '2020-12-14 05:06:19'),
(7, '1432598A', '17521E78', '41', NULL, '500', 3, '2020-09-11 16:32:47', '2020-10-17 09:31:14'),
(8, '637A0335', '17521E78', '21', NULL, '250', 3, '2020-09-11 16:32:47', '2020-10-17 09:31:14'),
(9, '8D7693A6', '37CDFE01', '175', NULL, '1', 2, '2020-09-11 16:33:16', '2020-10-17 09:29:19'),
(10, '43FE6F21', 'DBAA9391', '50', NULL, '1', 1, '2020-09-11 16:36:04', '2020-12-14 05:09:20'),
(11, '85C5F5B5', '793B1BA6', '120', '10', '1', 1, '2020-11-02 16:52:34', NULL),
(12, 'D4ADF9C7', '793B1BA6', '60', NULL, '500', 2, '2020-11-02 16:52:34', NULL),
(13, 'CC4A05ED', '7E718052', '150', '0', '1', 3, '2020-11-02 16:58:22', '2020-12-14 05:04:39'),
(14, 'B1BB336A', '5370BE6B', '150', '5', '1', 1, '2020-11-02 17:01:34', '2020-12-14 05:05:03'),
(15, 'DEDAC9C5', '8A1177E7', '60', '0', '500', 2, '2020-11-02 17:07:41', NULL),
(16, 'F802D6D6', '8A1177E7', '30', NULL, '100', 2, '2020-11-02 17:07:41', NULL),
(17, 'D9A0BBFB', 'DC8FBDF8', '100', '0', '1', 1, '2020-11-02 17:10:13', NULL),
(18, '05DA9161', 'DC8FBDF8', '50', NULL, '500', 2, '2020-11-02 17:10:13', NULL),
(19, '77495ED5', 'ED658B0A', '70', '0', '1', 1, '2020-11-02 17:17:26', '2020-12-14 05:07:37'),
(20, 'DDF60614', 'ED658B0A', '35', NULL, '500', 2, '2020-11-02 17:17:26', '2020-12-14 05:07:37'),
(21, 'ED0D1F59', 'ED658B0A', '20', NULL, '250', 2, '2020-11-02 17:17:26', '2020-12-14 05:07:37'),
(22, '90983E5E', '3EC88735', '50', '12', '500', 2, '2020-11-02 17:58:32', '2020-12-15 09:33:55'),
(23, 'E9E8D453', '3EC88735', '25', '5', '200', 2, '2020-11-02 17:58:32', '2020-12-15 09:33:55'),
(24, 'F6C3D567', '3EC88735', '13', '2', '100', 2, '2020-11-02 17:58:32', '2020-12-15 09:33:55'),
(25, '54F94B06', '11DA8537', '50', '0', '1', 1, '2020-11-03 16:24:31', '2020-11-03 16:24:53'),
(26, '4D96810D', 'DCB19B9C', '100', '0', '500', 2, '2020-11-03 16:27:30', '2020-12-14 05:05:56'),
(27, 'DD3EA466', 'DCB19B9C', '50', '2', '250', 2, '2020-11-03 16:27:30', '2020-12-14 05:05:56'),
(28, '20ED16BF', '9A167DBC', '140', '20', '500', 2, '2020-11-04 16:28:35', NULL),
(29, 'C168E824', '9A167DBC', '50', NULL, '200', 2, '2020-11-04 16:28:35', NULL),
(30, 'B2A9844B', '41FAF3DB', '120', '0', '1', 1, '2020-11-04 16:41:41', '2020-12-14 04:56:36'),
(31, '90ED9EA0', 'CB3081DC', '150', '0', '500', 2, '2020-11-04 16:43:36', NULL),
(32, 'BF0DFAFA', 'CB3081DC', '60', NULL, '250', 2, '2020-11-04 16:43:36', NULL),
(33, '2F58CF58', 'FD22B329', '50', '0', '1', 1, '2020-11-04 16:45:38', '2020-12-14 05:10:21'),
(34, '1E386904', 'DB8CECF8', '50', '0', '1', 4, '2020-12-13 07:58:01', NULL),
(35, 'A098C6FB', 'FDFC08D8', '50', '0', '50', 2, '2020-12-14 05:11:53', NULL),
(36, '0CF6DBCE', 'C5A902C6', '50', '0', '50', 2, '2020-12-14 05:13:56', '2020-12-14 17:12:57'),
(37, 'CD4A811F', '74A9772D', '50', '0', '1', 1, '2020-12-14 17:22:39', NULL);

-- --------------------------------------------------------

--
-- Table structure for table `tbl_product_review`
--

CREATE TABLE IF NOT EXISTS `tbl_product_review` (
  `id` int(11) NOT NULL,
  `user_id` varchar(8) NOT NULL,
  `product_id` varchar(8) NOT NULL,
  `review` text NOT NULL,
  `rating` tinyint(1) NOT NULL DEFAULT '0',
  `created_at` timestamp NOT NULL DEFAULT CURRENT_TIMESTAMP,
  `updated_at` datetime DEFAULT NULL
) ENGINE=InnoDB AUTO_INCREMENT=4 DEFAULT CHARSET=utf8mb4;

--
-- Dumping data for table `tbl_product_review`
--

INSERT INTO `tbl_product_review` (`id`, `user_id`, `product_id`, `review`, `rating`, `created_at`, `updated_at`) VALUES
(1, '91B3AE9E', '17521E78', 'Good', 3, '2020-10-03 17:34:01', NULL),
(2, '2744498C', '17521E78', 'Good', 3, '2020-12-03 04:02:22', NULL),
(3, '5DFA8E34', '17521E78', 'Good', 3, '2020-12-10 17:29:19', NULL);

-- --------------------------------------------------------

--
-- Table structure for table `tbl_settings`
--

CREATE TABLE IF NOT EXISTS `tbl_settings` (
  `id` int(11) NOT NULL,
  `shipping_charge` varchar(30) NOT NULL,
  `created_at` timestamp NOT NULL DEFAULT CURRENT_TIMESTAMP,
  `updated_at` datetime DEFAULT NULL
) ENGINE=InnoDB AUTO_INCREMENT=2 DEFAULT CHARSET=utf8mb4;

--
-- Dumping data for table `tbl_settings`
--

INSERT INTO `tbl_settings` (`id`, `shipping_charge`, `created_at`, `updated_at`) VALUES
(1, '15', '2020-10-12 18:34:29', '2020-10-12 18:34:39');

-- --------------------------------------------------------

--
-- Table structure for table `tbl_unit`
--

CREATE TABLE IF NOT EXISTS `tbl_unit` (
  `id` int(11) NOT NULL,
  `unit_name` varchar(50) NOT NULL,
  `is_active` tinyint(1) NOT NULL DEFAULT '1',
  `created_at` timestamp NOT NULL DEFAULT CURRENT_TIMESTAMP,
  `updated_at` datetime DEFAULT NULL
) ENGINE=InnoDB AUTO_INCREMENT=5 DEFAULT CHARSET=utf8mb4;

--
-- Dumping data for table `tbl_unit`
--

INSERT INTO `tbl_unit` (`id`, `unit_name`, `is_active`, `created_at`, `updated_at`) VALUES
(1, 'Kg', 1, '2020-09-08 17:45:29', NULL),
(2, 'Gram', 1, '2020-09-09 13:52:58', NULL),
(3, 'Pc', 1, '2020-09-09 13:53:03', NULL),
(4, 'Ltr', 1, '2020-12-13 07:54:44', NULL);

-- --------------------------------------------------------

--
-- Table structure for table `tbl_users`
--

CREATE TABLE IF NOT EXISTS `tbl_users` (
  `id` int(11) unsigned NOT NULL,
  `user_id` varchar(8) CHARACTER SET utf8 NOT NULL,
  `user_type` tinyint(1) DEFAULT '0',
  `fullname` varchar(50) COLLATE utf8mb4_unicode_ci DEFAULT NULL,
  `first_name` varchar(30) CHARACTER SET utf8 DEFAULT NULL,
  `last_name` varchar(30) CHARACTER SET utf8mb4 DEFAULT NULL,
  `email` varchar(80) CHARACTER SET utf8 DEFAULT NULL,
  `username` varchar(50) COLLATE utf8mb4_unicode_ci DEFAULT NULL,
  `password` text COLLATE utf8mb4_unicode_ci,
  `mobile_no` varchar(15) COLLATE utf8mb4_unicode_ci DEFAULT NULL,
  `login_type` varchar(20) CHARACTER SET utf8mb4 DEFAULT NULL,
  `identity` text CHARACTER SET utf8mb4,
  `profile_image` text CHARACTER SET utf8mb4,
  `device_type` tinyint(1) NOT NULL DEFAULT '0' COMMENT '1 for andriod, 2 for ios',
  `device_token` text CHARACTER SET utf8mb4,
  `status` tinyint(1) NOT NULL DEFAULT '1' COMMENT '1 for active/0 for not',
  `created_at` timestamp NULL DEFAULT CURRENT_TIMESTAMP,
  `updated_at` timestamp NULL DEFAULT NULL
) ENGINE=InnoDB AUTO_INCREMENT=27 DEFAULT CHARSET=utf8mb4 COLLATE=utf8mb4_unicode_ci;

--
-- Dumping data for table `tbl_users`
--

INSERT INTO `tbl_users` (`id`, `user_id`, `user_type`, `fullname`, `first_name`, `last_name`, `email`, `username`, `password`, `mobile_no`, `login_type`, `identity`, `profile_image`, `device_type`, `device_token`, `status`, `created_at`, `updated_at`) VALUES
(2, '51FDDABC', 0, NULL, 'Anurag', 'Savaliya', 'anurag.s.123123@gmail.com', NULL, NULL, NULL, 'gmail', 'anurag.s.123123@gmail.com', 'user_325.jpg', 1, 'f31kXW8QQri4E1Yk8JWcFp:APA91bFx22fDhlGqvhJAIvYBieHV5aZfYlydqaH2HfSv1n_GkvFPsy4rNznk5TtpWQAjhfiFrua-vceSWtjSrJ27uJjWMyPsjU5v1mdB-whNBoOVtz7po-vMbzRaXNdU7bRZWd0hc0_B', 1, '2020-09-13 09:00:17', '2020-12-20 15:34:26'),
(3, '91B3AE9E', 0, NULL, 'vaibhavi', 'sojitraa', 'vaibhavisojitra1@gmail.com', NULL, NULL, NULL, 'Gmail', '1234561', NULL, 1, 'test', 1, '2020-09-14 17:22:14', '2020-12-21 22:05:54'),
(4, 'AC8C4388', 0, NULL, 'Jeel', 'khokhariya', 'jeelkhokhariya59@gmail.com', NULL, NULL, NULL, 'Gmail', 'jeelkhokhariya59@gmail.com', 'user_892.jpg', 2, 'eMbDgNJ2A0fBtzhB3DaEdf:APA91bFtijTZlMNrsVw65bxVDAFE8mb5paZicUMgr1oxov1uveOhU92S40sLniDs2xi5wXW_oKxi9b7Hl1nmdwvaLvwEaQzTo28UofGWPwOJ-fHEQO8ufYh3Man1--NInJVCFteS2zZq', 1, '2020-09-15 06:48:54', '2020-12-21 09:35:33'),
(5, 'DEBB1CB0', 0, NULL, 'anurag savaliya', 'anurag savaliya', 'anuragsavaliya.retrytech@gmail.com', NULL, NULL, NULL, 'gmail', 'anuragsavaliya.retrytech@gmail.com', NULL, 1, 'c-HxE-vzNqQ:APA91bFV1X7FrRF6Zi3PcUAv6LNkchpcYlKeDjljngre7FgyzAwnWfVGG77Od1SjfCoI3hHqo1rOUiLghImbHo48YTkEnG3O8phAdbyc_TouEOjkr4BoYX062xwkEcsMSFJwgYYyx6_9', 1, '2020-09-20 07:27:31', '2020-11-05 16:24:44'),
(6, 'D76FAE76', 0, NULL, 'Anurag', 'Savaliya', 'mr.anurag187@gmail.com', NULL, NULL, NULL, 'gmail', 'mr.anurag187@gmail.com', NULL, 1, 'c63nuvoJx1g:APA91bE9ZDKbObe5Y9fEpHz9xPUSof6N_H5ndbMjkNFBl2P6kYyBcxUcETHLxOoE0EiaEvupcEUf4KtK5IgggSPKahJnVDM8tJFhbOf3HHL0dNLi8IOKTiPOq6ltmX6hdv-fh6Sx8RpS', 1, '2020-09-21 18:03:12', '2020-10-19 18:04:13'),
(7, 'F645D8F7', 0, NULL, 'parth kotadiya', 'parth kotadiya', 'parth.kotadiya1@gmail.com', NULL, NULL, NULL, 'gmail', 'parth.kotadiya1@gmail.com', NULL, 1, 'feAXkF8LAAY:APA91bEeo3lwTkL_iHSinSxYoGHeBotZx15XDaV0X7hE_MC7fRZMbZOaaV1q0n11liccRS2DI9nje8i7FOVFWRWbDnrj8sGuyb3g1916Pst1qZNjwWMNrtTFhakOf4sV2UAEnPRmKyEo', 1, '2020-09-22 06:58:21', NULL),
(8, '0D2404C4', 0, NULL, 'Neetaben N', 'Neetaben N', 'nneetaben@gmail.com', NULL, NULL, NULL, 'gmail', 'nneetaben@gmail.com', NULL, 1, 'dAhMy_yIY6U:APA91bEXQa1hG4RJKoGn3G84egI8AjtMe9xz7Cvlj56RFBfFYEEWvetprRNMZyDKL9dtwB8uRr1QCqe4L3Z1Vtf7f1uxSjgkEXiZOvCFEB4fORgl6EeWt43NxPE-3o9qHTQ0-QBjf00m', 1, '2020-09-22 17:26:07', NULL),
(9, '0C55004C', 0, NULL, 'Ankur', 'Kalkani', 'ankur@privaterelay.appleid.com', NULL, NULL, NULL, 'Apple', '000906.ff7ca1173750413ba24a4789fbd4748e.1212', 'user_279.jpg', 2, 'fJCrAfFKr02XjxGSs3WOLO:APA91bH5zRpMMHJfIam8tcsu0Cbs5ud7sPQWjBtzrDQw2Objz7mfui4tZKsd6OMkeA0owMm4qe_Dk5wlqoewB3iJUAY6eWu4D_twVG_jQQ6A8Cy-j1FvtvVfnRk7tAycyqVuH7cmRxCe', 1, '2020-10-10 13:21:58', '2020-12-21 11:05:54'),
(10, '2744498C', 0, NULL, 'Ankurr', 'Kalkani', 'ankurkalkani0912@gmail.com', NULL, NULL, NULL, 'Gmail', 'ankurkalkani0912@gmail.com', 'user_970.jpg', 2, 'dvdjz_FvKEC3suuugV0Avk:APA91bG-E9OIWYw_yc8S5xb0kZFiiBlUmlJIHq6I5lPc742nM1VqhAhZXpcbHIDve6R1GWK4CGPPJYv08pF4wu3gSb7M1XvlAz7WeNQYu0b18SO83HfujTtTUwZaoFI7wKOD_3FJEaCC', 1, '2020-10-12 09:34:59', '2020-12-19 15:43:59'),
(11, 'E11F4B85', 1, 'user test', NULL, NULL, NULL, 'user1', '$2y$10$.T1BJwVI6xY2UUtnirJNtOn99vavS7dMQyPyIeLRvVcOKGowedUrS', '3233434444', NULL, NULL, 'user_516.jpg', 1, 'e5ait6F6TcOR-MusLpqBEE:APA91bG0Uxsly5srdh2bzTOiSEpHmqb8ZHP9JOBu71uTVsABWxkZOr33odSfh6EV_r2LaRfqI1L4vXoxxmzjJnmRRBDFBrUvpl6jqle3M4R9DAF0MC4S-ltdarSACRatfK_kp6Rt4lJL', 1, '2020-10-12 16:06:27', '2020-12-20 12:54:42'),
(12, '7ACFD6C3', 1, 'user 2', NULL, NULL, NULL, 'user2', '$2y$10$1deFmkaGw9aFwnJIkRm41OsfsSaO4sEeKIuv2qQyIXe2iEMixw/7K', '3233342234', NULL, NULL, NULL, 0, NULL, 1, '2020-10-12 16:06:42', NULL),
(13, 'CF980198', 1, 'user 3', NULL, NULL, NULL, 'user3', '$2y$10$B.lqXB/CJY4thFoQm74M8.x1AmQ8FDVPiFoFu0d6vSQpHm9I3tmG.', '4567890982', NULL, NULL, NULL, 0, NULL, 1, '2020-10-17 11:07:27', NULL),
(14, '373AA1E9', 0, NULL, 'test', 'test', 'test@gmail.com', NULL, NULL, NULL, 'gmail', '1234563', 'user_964.jpg', 1, 'test_device_token', 1, '2020-10-23 16:24:00', NULL),
(15, '5DFA8E34', 0, NULL, 'vaibhavi', 'sojitra', 'vaibhavisojitra@gmail.com', NULL, NULL, NULL, 'gmail', '123456', 'user_308.jpg', 1, 'vaibhavi_device_token', 1, '2020-10-23 16:27:00', '2020-10-25 04:59:32'),
(16, '2B48D762', 1, 'anuragDel', NULL, NULL, NULL, 'annie', '$2y$10$4yjBQq/CMK7dbbinWe4scuWgjo7rXN/GW.FigCiSRQ9gUcM5BEx62', '9979013850', NULL, NULL, 'user_527.jpg', 0, '', 1, '2020-10-28 16:55:48', '2020-12-20 14:25:54'),
(17, '17C9BBF4', 0, NULL, 'Ankur', 'Kalkani', 'ankurkalkani912@gmail.com', NULL, NULL, NULL, 'Gmail', 'ankurkalkani912@gmail.com', 'user_265.jpg', 1, 'test', 1, '2020-12-03 12:58:18', '2020-12-19 10:39:55'),
(18, '54850FFF', 1, 'Anurag', NULL, NULL, NULL, 'anurag', '$2y$10$p.QSyMFJaqYYS9Cn2fe/aeKVYe0EONFPbxiGG5QNcqG4nc.mUCGG.', '9979013850', NULL, NULL, 'user_151.jpeg', 1, 'fTf-cBRGQQG8ibnbHGn9wo:APA91bGM4aYBoEa31bAvrgAcXQD_EtCzA2er27x5z5mZCZTIKkAPh0M52rzgN6ZPX5nD5rjMCLGG4tD1WiOkjgwGsaZINypL4kb1qyVRLAnlayA3731cxGEoS4PzEqWUjZxAh3rDWD4L', 1, '2020-12-04 18:06:23', '2020-12-11 16:27:19'),
(19, '9B5FD400', 0, NULL, 'Ankur', 'Kalkani', 'ankurkalkani143@gmail.com', NULL, NULL, NULL, 'Gmail', 'ankurkalkani143@gmail.com', 'user_801.jpg', 2, 'c5yjxODAi0VunB6yvgS_JU:APA91bGM2_P6wfmd-HICmHT418cm1t7urfrkmALr1eK1e1N0jMa3do2n9S7TYsv1FS7PtkwPNUWxXIjOMhhIPk5phSYoiA64ruO9mdM0RE_V8AUeskxAQGtC6ds63kcCXNJBJLuf2qsR', 1, '2020-12-07 09:37:41', '2020-12-22 11:34:23'),
(21, '5C736A39', 0, NULL, 'Arman', 'Malik', 'Amalik@gmail.com', NULL, NULL, NULL, 'Apple', '001015.d6d2d513d55643dab10a72abfa01bcd7.1606', 'user_174.jpg', 2, 'test', 1, '2020-12-13 16:06:56', '2020-12-14 06:46:09'),
(22, '4167316B', 0, NULL, 'Dekho', 'India', 'pkotadiya04@gmail.com', NULL, NULL, NULL, 'Gmail', 'pkotadiya04@gmail.com', NULL, 2, 'cVz105-Sm0B1pndEt0Fypt:APA91bEnVtJSHlTUj1IxraQa-q-j62nChwJLpCO8AHeajzaYWwhFzjiIbyygRobDwDZlJ-hBcSgBfmsuPZzMRdIXgQ49DOWvO_EWosgDkUZ44PVTkbUvsEn9acxBXqwOxPLLoKEGRCtT', 1, '2020-12-17 05:05:36', '2020-12-19 15:59:34'),
(23, 'C9F92E61', 0, NULL, 'indain', 'temple', 'jeelkhokhariya60@gmail.com', NULL, NULL, NULL, 'Gmail', 'jeelkhokhariya60@gmail.com', 'user_207.jpg', 2, 'eMbDgNJ2A0fBtzhB3DaEdf:APA91bFtijTZlMNrsVw65bxVDAFE8mb5paZicUMgr1oxov1uveOhU92S40sLniDs2xi5wXW_oKxi9b7Hl1nmdwvaLvwEaQzTo28UofGWPwOJ-fHEQO8ufYh3Man1--NInJVCFteS2zZq', 1, '2020-12-19 10:43:12', '2020-12-20 15:59:46'),
(25, '9A8BDD92', 0, NULL, 'John', 'Doe', 'email', NULL, NULL, NULL, 'Apple', '001830.197e14d74bbe486a9a3a77ec4134b483.1045', NULL, 0, '', 1, '2020-12-19 10:45:35', '2020-12-21 11:17:06'),
(26, '61368622', 0, NULL, 'Ankur', 'Kalkani', '8knvt6futp@privaterelay.appleid.com', NULL, NULL, NULL, 'Apple', 'userIdentifier', NULL, 2, 'fJCrAfFKr02XjxGSs3WOLO:APA91bH5zRpMMHJfIam8tcsu0Cbs5ud7sPQWjBtzrDQw2Objz7mfui4tZKsd6OMkeA0owMm4qe_Dk5wlqoewB3iJUAY6eWu4D_twVG_jQQ6A8Cy-j1FvtvVfnRk7tAycyqVuH7cmRxCe', 1, '2020-12-21 05:51:08', '2020-12-22 09:49:41');

-- --------------------------------------------------------

--
-- Table structure for table `tbl_users_coupon`
--

CREATE TABLE IF NOT EXISTS `tbl_users_coupon` (
  `id` int(11) NOT NULL,
  `user_id` varchar(8) NOT NULL,
  `coupon_code` varchar(20) NOT NULL,
  `created_at` timestamp NOT NULL DEFAULT CURRENT_TIMESTAMP,
  `updated_at` datetime DEFAULT NULL
) ENGINE=InnoDB AUTO_INCREMENT=69 DEFAULT CHARSET=utf8mb4;

--
-- Dumping data for table `tbl_users_coupon`
--

INSERT INTO `tbl_users_coupon` (`id`, `user_id`, `coupon_code`, `created_at`, `updated_at`) VALUES
(1, '91B3AE9E', '95AD532E', '2020-09-27 16:49:27', NULL),
(2, '91B3AE9E', '4D774278', '2020-09-29 17:23:34', NULL),
(3, '2324B46E', '4D774278', '2020-09-29 18:14:15', NULL),
(4, '2324B46E', '95AD532E', '2020-10-02 16:57:33', NULL),
(5, '2324B46E', '37DAEFA0', '2020-10-02 16:59:51', NULL),
(6, 'D76FAE76', '95AD532E', '2020-10-02 17:25:19', NULL),
(7, 'D76FAE76', '37DAEFA0', '2020-10-04 05:07:49', NULL),
(8, 'AC8C4388', '95AD532E', '2020-10-25 04:55:57', NULL),
(9, 'AC8C4388', '37DAEFA0', '2020-10-25 04:56:21', NULL),
(10, '5DFA8E34', '95AD532E', '2020-10-25 05:01:46', NULL),
(11, '5DFA8E34', '37DAEFA0', '2020-10-25 05:04:24', NULL),
(12, '5DFA8E34', '4D774278', '2020-10-25 05:04:59', NULL),
(13, '2744498C', '37DAEFA0', '2020-12-03 12:29:56', NULL),
(14, '2744498C', '95AD532E', '2020-12-03 12:31:17', NULL),
(15, '2744498C', '4D774278', '2020-12-03 12:52:00', NULL),
(16, '17C9BBF4', '4D774278', '2020-12-03 13:05:00', NULL),
(17, '17C9BBF4', '37DAEFA0', '2020-12-03 13:06:23', NULL),
(18, '17C9BBF4', '95AD532E', '2020-12-03 13:23:17', NULL),
(19, '0C55004C', '4D774278', '2020-12-03 13:31:24', NULL),
(20, '0C55004C', '37DAEFA0', '2020-12-03 13:36:33', NULL),
(21, '9B5FD400', '37DAEFA0', '2020-12-07 09:44:52', NULL),
(22, '9B5FD400', '4D774278', '2020-12-07 10:04:05', NULL),
(23, '51FDDABC', '95AD532E', '2020-12-08 17:17:32', NULL),
(24, '51FDDABC', '37DAEFA0', '2020-12-08 17:18:32', NULL),
(33, '51FDDABC', '4D774278', '2020-12-15 17:08:09', NULL),
(35, '0C55004C', '95AD532E', '2020-12-16 04:49:48', NULL),
(40, '9B5FD400', 'TEST', '2020-12-17 11:01:30', NULL),
(46, '9B5FD400', '95AD532E', '2020-12-18 05:16:20', NULL),
(52, '91B3AE9E', '37DAEFA0', '2020-12-18 15:34:25', NULL),
(57, '17C9BBF4', 'Diwali2020', '2020-12-19 05:13:37', NULL),
(58, '17C9BBF4', 'democoupon', '2020-12-19 05:14:05', NULL),
(59, '17C9BBF4', 'TEST', '2020-12-19 05:14:28', NULL),
(60, '51FDDABC', 'Diwali2020', '2020-12-20 09:54:54', NULL),
(61, '9B5FD400', 'Diwali2020', '2020-12-21 04:49:51', NULL),
(62, '9B5FD400', 'TEST123', '2020-12-21 04:52:30', NULL),
(63, '9B5FD400', 'TEST222', '2020-12-21 05:15:41', NULL),
(64, '91B3AE9E', 'Diwali2020', '2020-12-21 16:01:04', NULL),
(67, '91B3AE9E', 'TEST222', '2020-12-21 16:18:39', NULL),
(68, '61368622', '37DAEFA0', '2020-12-22 04:21:41', NULL);

-- --------------------------------------------------------

--
-- Table structure for table `tbl_user_delivery_address`
--

CREATE TABLE IF NOT EXISTS `tbl_user_delivery_address` (
  `id` int(11) NOT NULL,
  `delivery_address_id` varchar(8) NOT NULL,
  `user_id` varchar(8) NOT NULL,
  `first_name` varchar(30) NOT NULL,
  `last_name` varchar(30) NOT NULL,
  `mobile_number` varchar(15) NOT NULL,
  `alt_mobile_number` varchar(15) DEFAULT NULL,
  `home_no` varchar(50) NOT NULL,
  `street` varchar(80) NOT NULL,
  `landmark` varchar(80) NOT NULL,
  `city` varchar(80) NOT NULL,
  `area` varchar(80) NOT NULL,
  `society` varchar(80) NOT NULL,
  `pincode` varchar(10) NOT NULL,
  `latitude` varchar(50) DEFAULT NULL,
  `longitude` varchar(50) DEFAULT NULL,
  `address_type` tinyint(1) NOT NULL DEFAULT '0' COMMENT '1 for home/2 for work/3 for other',
  `is_default` tinyint(4) NOT NULL DEFAULT '0',
  `is_delete` tinyint(1) NOT NULL DEFAULT '0',
  `created_at` timestamp NOT NULL DEFAULT CURRENT_TIMESTAMP,
  `updated_at` datetime DEFAULT NULL
) ENGINE=InnoDB AUTO_INCREMENT=44 DEFAULT CHARSET=utf8mb4;

--
-- Dumping data for table `tbl_user_delivery_address`
--

INSERT INTO `tbl_user_delivery_address` (`id`, `delivery_address_id`, `user_id`, `first_name`, `last_name`, `mobile_number`, `alt_mobile_number`, `home_no`, `street`, `landmark`, `city`, `area`, `society`, `pincode`, `latitude`, `longitude`, `address_type`, `is_default`, `is_delete`, `created_at`, `updated_at`) VALUES
(3, 'BF5C4BF8', '91B3AE9E', 'Vaibhavi', 'Sojitra', '2354785120', NULL, '1', 'setellite', 'haveli', 'Surat', 'Mota varachha', 'Satsang', '394101', NULL, NULL, 1, 0, 1, '2020-09-11 13:23:17', '2020-12-05 09:17:38'),
(4, '70DC8D8D', '91B3AE9E', 'Vaibhu', 'Sojitra', '4525485625', '2565214545', '1', 'setellite', 'opp. haveli', 'Surat', 'Mota varachha', 'Anmol', '394101', '21.2408', '72.8806', 3, 1, 0, '2020-09-14 15:25:12', '2020-10-09 18:21:33'),
(5, '7F6A7FE8', '91B3AE9E', 'Vaibhu', 'Sojitra', '4525485625', '2565214545', '1', 'setellite', 'opp. haveli', 'Surat', 'Mota varachha', 'Anmol', '394101', '21.2408', '72.8806', 3, 1, 0, '2020-09-14 17:26:13', '2020-10-15 17:06:26'),
(6, '1D997DDD', '91B3AE9E', 'Vaibhavi', 'Sojitra', '2354785120', NULL, '1', 'setellite', 'haveli', 'Surat', 'Mota varachha', 'Satsang', '394101', NULL, NULL, 1, 0, 0, '2020-09-18 03:27:43', '2020-10-15 17:06:26'),
(7, 'DBE9FCF9', '91B3AE9E', 'Vaibhavi', 'Sojitra', '2354785120', NULL, '1', 'setellite', 'haveli', 'Surat', 'Mota varachha', 'Satsang', '394101', NULL, NULL, 10, 0, 0, '2020-09-18 16:45:16', '2020-10-15 17:06:26'),
(8, '51BAE13B', '51FDDABC', 'anuragbhai', 'savaliya', '1231231231', NULL, 'shantinagar', 'rupali', 'hirabaug', 'Surat', 'Varachha', 'suryamukhi', '395008', '22.030720926200374', '71.12402312457561', 3, 0, 0, '2020-09-18 17:19:52', '2020-12-17 15:47:11'),
(9, 'A49EAAAA', '51FDDABC', 'Naresh bhai', 'savakiya', '99790123456', '7801916340', 'rupali', 'rupali', 'hirabaug', 'Surat', 'Katargam', 'kshama', '395006', '21.22955234659783', '72.87681754678488', 2, 1, 0, '2020-09-18 17:19:57', '2020-12-13 08:10:15'),
(10, '77531990', '51FDDABC', 'anurag', 'savaluya', '1234567890', '1234567890', 'kshama', 'kshama', 'hirabaug', 'surat', 'varachha', 'xama', '395008', '23.28101637378525', '72.19120703637599', 2, 0, 0, '2020-09-19 03:23:33', '2020-12-13 08:10:15'),
(11, '082782C4', 'D76FAE76', 'anurag', 'savaliya', '7801916340', '7801916340', '187', 'kshama soc', 'hurabaug', 'surat', 'guj', 'kshama', '395008', NULL, NULL, 1, 1, 0, '2020-09-28 17:34:08', NULL),
(12, '7DE74880', 'D76FAE76', 'ramjibhai', 'ramjibhai', '78019163040', '78019163040', '222', 'ramjinagr', 'rampark', 'karachi', 'pakistan', 'Bismillah', '512512', NULL, NULL, 2, 0, 0, '2020-09-28 17:37:02', NULL),
(13, 'EDD9E68B', 'D76FAE76', 'bhagvan bhai', 'narayn bhai', '1234567890', '1234567890', '111', 'mandivali', 'pune', 'mumbai', 'haidrabad', 'kuber nagar', '123098', NULL, NULL, 3, 0, 0, '2020-09-28 17:47:47', NULL),
(15, '5F144DC0', 'AC8C4388', 'zeel', 'khokariya', '1234567890', '1234567890', '007', 'bagi nagar', 'pakistan', 'Surat', 'Varachha', 'karachi', '112345', NULL, NULL, 1, 0, 0, '2020-10-04 07:33:17', '2020-10-25 05:16:06'),
(16, 'CE988C88', '2324B46E', 'Vaibhavi', 'Sojitra', '2354785120', NULL, '1', 'setellite', 'haveli', 'Surat', 'Mota varachha', 'anmol', '394101', '21.2408', '72.8806', 1, 0, 0, '2020-10-09 16:09:21', '2020-10-15 17:06:26'),
(17, 'ABEB0731', '2324B46E', 'Vaibhavi', 'Sojitra', '2354785120', NULL, '1', 'setellite', 'haveli', 'Surat', 'Mota varachha', 'anmol', '394101', '21.2408', '72.8806', 1, 0, 0, '2020-10-12 19:17:28', '2020-10-15 17:06:26'),
(18, '04841DA7', '51FDDABC', 'Anurag', 'Savaliya', '1234567890', '+917801916340', 'Anurag Savaliya', 'q', '395006', 'Surat', 'Varachha', 'Surat', '333333', '26.391435090661925', '74.75416738539934', 1, 0, 0, '2020-10-12 19:24:00', '2020-12-13 08:10:15'),
(21, 'A2BE2A00', 'AC8C4388', 'jeel', 'patel', '7990369182', '8238282795', '59', 'shyam krishna raw hours', 'mota varachha', 'Surat', 'Mota Varachha', 'shyam krishna raw', '394101', '13.796700152031175', '76.20062101632357', 1, 1, 0, '2020-10-25 05:16:06', NULL),
(22, '86017D77', '5DFA8E34', 'Vaibhavi', 'Sojitra', '2354785120', NULL, '1', 'setellite', 'haveli', 'Surat', 'Mota varachha', 'anmol', '394101', '21.2408', '72.8806', 1, 0, 0, '2020-10-26 16:39:51', '2020-12-06 06:50:37'),
(29, 'B21B8323', '2744498C', 'Mayur', 'Kalkani', '1234567890', NULL, '100', 'Street', 'Landmark', 'Surat', 'Varachha', 'Society', '123456', '21.238652360645343', '72.87102741196087', 3, 0, 1, '2020-12-01 04:13:47', '2020-12-11 08:49:17'),
(31, '1C3D28B5', '0C55004C', 'Ankur', 'Kalkani', '1234657890', NULL, 'House No', 'Street', 'Landmark', 'Bardoli', 'Mahuva Road', 'Society', '123456', '21.238571715852895', '72.8712525122041', 3, 1, 0, '2020-12-03 13:31:01', '2020-12-13 08:07:31'),
(32, 'E2610136', '17C9BBF4', 'Ankur', 'Kalkani', '1234567890', NULL, 'House no', 'Street', 'Landmark', 'Surat', 'Varachha', 'Society', '123456', '21.2385939417266', '72.871153847873', 3, 1, 0, '2020-12-04 11:16:32', NULL),
(33, '1D19196B', '2744498C', 'Ankur', 'Kalkani', '8347223557', NULL, '111', 'Street', 'Landmark', 'Surat', 'Varachha', 'Society', '123456', '21.238672666670848', '72.87114293225468', 3, 0, 0, '2020-12-05 09:25:10', '2020-12-11 08:49:35'),
(34, '91D8EA4B', '5DFA8E34', 'Vaibhavi', 'Sojitra', '2354785120', NULL, '1', 'setellite', 'haveli', 'Surat', 'Mota varachha', 'anmol', '394101', '21.2408', '72.8806', 1, 0, 0, '2020-12-06 06:50:05', '2020-12-06 06:50:37'),
(35, 'BE549EEB', '5DFA8E34', 'Vaibhavi', 'Sojitra', '2354785120', NULL, '1', 'setellite', 'haveli', 'Surat', 'Mota varachha', 'anmol', '394101', '21.2408', '72.8806', 1, 1, 0, '2020-12-06 06:50:37', NULL),
(36, 'A303B9D7', '9B5FD400', 'Ankur', 'Kalkani', '8347223557', NULL, '137', 'Third', 'Yogi Chowk', 'Surat', 'Varachha', 'Mahalaxmi Society', '395010', '19.0176147', '72.8561644', 1, 0, 0, '2020-12-07 09:42:44', '2020-12-18 11:19:43'),
(37, '134E14FF', '51FDDABC', 'Yagnesh', 'dhameliya', '9924136218', '9924136218', '219', 'kshama', 'hirabaug', 'Bardoli', 'Mahuva Road', 'kshama', '395008', '23.04191778773667', '72.56219878792763', 1, 0, 0, '2020-12-07 18:17:52', '2020-12-13 08:10:15'),
(38, 'D27E9AE5', '9B5FD400', 'Ankur', 'Kalkani', '8347223557', NULL, '137', 'Third', 'Yogi Chowk', 'Surat', 'Varachha', 'Mahalaxmi', '395010', '19.0176147', '72.8561644', 1, 0, 0, '2020-12-14 10:31:01', '2020-12-18 11:19:43'),
(39, 'C9FC2222', '9B5FD400', 'test', 'test', '7894561233', NULL, 'Hourse No', 'dfs', 'dfsa', 'Ahamdabad', 'Nikol Road', 'dfsa', '987465', '-29.378035733676825', '24.29305808531214', 2, 1, 0, '2020-12-14 10:32:34', '2020-12-18 11:19:43'),
(40, 'DA817759', '51FDDABC', 'Mhek', 'Savaliya', '7801916340', NULL, '123', 'Alpha', 'Square', 'City*', 'Aera', 'Kshama', '123456', '15.714736154632984', '69.17024809867144', 1, 0, 0, '2020-12-15 17:01:54', NULL),
(41, '03B03B63', '51FDDABC', 'Anurag', 'Savaliya', '1234567890', NULL, '123', 'Dalal', 'Mota varachha', 'Surat', 'Mota Varachha', 'Gaytree', '123456', '18.084840050830135', '67.64526776969433', 3, 0, 0, '2020-12-15 17:06:38', NULL),
(42, 'B2979F41', '4167316B', 'Jhon', 'Doe', '2589632581', NULL, '75 Wilson street', 'Hill area', 'Central', 'Surat', 'Mota Varachha', 'River kent', '394101', '21.227255230809394', '72.86870325518845', 1, 1, 0, '2020-12-17 05:07:48', NULL),
(43, 'FDAE2B25', '61368622', 'Ankur', 'Kalkani', '8347223557', NULL, 'House no', 'Third', 'Yogi Chowk', 'Surat', 'Varachha', 'Mahalaxmi', '395010', '21.23873401493286', '72.87120692713076', 2, 1, 0, '2020-12-22 04:21:13', NULL);

-- --------------------------------------------------------

--
-- Table structure for table `tbl_wishlist`
--

CREATE TABLE IF NOT EXISTS `tbl_wishlist` (
  `id` int(11) NOT NULL,
  `user_id` varchar(8) NOT NULL,
  `product_id` varchar(8) NOT NULL,
  `created_at` timestamp NOT NULL DEFAULT CURRENT_TIMESTAMP,
  `updated_at` datetime DEFAULT NULL
) ENGINE=InnoDB AUTO_INCREMENT=105 DEFAULT CHARSET=utf8mb4;

--
-- Dumping data for table `tbl_wishlist`
--

INSERT INTO `tbl_wishlist` (`id`, `user_id`, `product_id`, `created_at`, `updated_at`) VALUES
(1, '91B3AE9E', '6121BF7A', '2020-09-10 16:28:21', '2020-09-10 16:28:30'),
(3, '91B3AE9E', '17521E78', '2020-09-10 16:30:08', NULL),
(22, '91B3AE9E', 'DBAA9391', '2020-09-27 07:21:55', '2020-10-04 04:21:54'),
(27, 'D76FAE76', 'DBAA9391', '2020-10-04 05:10:37', '2020-10-04 06:39:43'),
(28, '91B3AE9E', '17521E78', '2020-10-05 16:08:21', '2020-10-05 16:09:31'),
(29, '91B3AE9E', '17521E78', '2020-10-05 17:31:16', '2020-10-05 17:32:12'),
(30, '91B3AE9E', 'DBAA9391', '2020-10-09 15:35:29', NULL),
(81, '2744498C', 'CB3081DC', '2020-12-11 08:43:57', NULL),
(82, '2744498C', '5370BE6B', '2020-12-11 08:44:04', NULL),
(83, '2744498C', '7E718052', '2020-12-11 08:44:08', NULL),
(84, '2744498C', '793B1BA6', '2020-12-11 08:44:09', NULL),
(85, '2744498C', '9A167DBC', '2020-12-11 08:44:11', NULL),
(87, '0C55004C', 'FD22B329', '2020-12-13 07:02:08', NULL),
(90, '9B5FD400', 'C5A902C6', '2020-12-14 07:13:10', NULL),
(91, '9B5FD400', 'FDFC08D8', '2020-12-14 07:13:14', NULL),
(92, '9B5FD400', '3EC88735', '2020-12-14 07:13:19', NULL),
(94, '9B5FD400', 'F82C7352', '2020-12-14 10:48:02', NULL),
(95, '0C55004C', 'C5A902C6', '2020-12-14 13:02:20', NULL),
(96, '0C55004C', 'FDFC08D8', '2020-12-14 13:02:24', NULL),
(97, '0C55004C', '3EC88735', '2020-12-14 13:02:28', NULL),
(98, '4167316B', 'CB3081DC', '2020-12-17 05:10:48', NULL),
(99, '4167316B', '5370BE6B', '2020-12-17 05:10:52', NULL),
(101, '4167316B', '7E718052', '2020-12-17 05:10:59', NULL),
(102, '9A8BDD92', 'DCB19B9C', '2020-12-19 14:26:29', NULL);

--
-- Indexes for dumped tables
--

--
-- Indexes for table `failed_jobs`
--
ALTER TABLE `failed_jobs`
  ADD PRIMARY KEY (`id`);

--
-- Indexes for table `migrations`
--
ALTER TABLE `migrations`
  ADD PRIMARY KEY (`id`);

--
-- Indexes for table `oauth_access_tokens`
--
ALTER TABLE `oauth_access_tokens`
  ADD PRIMARY KEY (`id`),
  ADD KEY `oauth_access_tokens_user_id_index` (`user_id`);

--
-- Indexes for table `oauth_auth_codes`
--
ALTER TABLE `oauth_auth_codes`
  ADD PRIMARY KEY (`id`),
  ADD KEY `oauth_auth_codes_user_id_index` (`user_id`);

--
-- Indexes for table `oauth_clients`
--
ALTER TABLE `oauth_clients`
  ADD PRIMARY KEY (`id`),
  ADD KEY `oauth_clients_user_id_index` (`user_id`);

--
-- Indexes for table `oauth_personal_access_clients`
--
ALTER TABLE `oauth_personal_access_clients`
  ADD PRIMARY KEY (`id`);

--
-- Indexes for table `oauth_refresh_tokens`
--
ALTER TABLE `oauth_refresh_tokens`
  ADD PRIMARY KEY (`id`),
  ADD KEY `oauth_refresh_tokens_access_token_id_index` (`access_token_id`);

--
-- Indexes for table `password_resets`
--
ALTER TABLE `password_resets`
  ADD KEY `password_resets_email_index` (`email`);

--
-- Indexes for table `tbl_admin`
--
ALTER TABLE `tbl_admin`
  ADD PRIMARY KEY (`id`);

--
-- Indexes for table `tbl_area`
--
ALTER TABLE `tbl_area`
  ADD PRIMARY KEY (`id`);

--
-- Indexes for table `tbl_banner`
--
ALTER TABLE `tbl_banner`
  ADD PRIMARY KEY (`id`);

--
-- Indexes for table `tbl_cart`
--
ALTER TABLE `tbl_cart`
  ADD PRIMARY KEY (`id`);

--
-- Indexes for table `tbl_category`
--
ALTER TABLE `tbl_category`
  ADD PRIMARY KEY (`id`);

--
-- Indexes for table `tbl_city`
--
ALTER TABLE `tbl_city`
  ADD PRIMARY KEY (`id`);

--
-- Indexes for table `tbl_complaint`
--
ALTER TABLE `tbl_complaint`
  ADD PRIMARY KEY (`id`);

--
-- Indexes for table `tbl_coupon`
--
ALTER TABLE `tbl_coupon`
  ADD PRIMARY KEY (`id`);

--
-- Indexes for table `tbl_delivery_boy`
--
ALTER TABLE `tbl_delivery_boy`
  ADD PRIMARY KEY (`id`);

--
-- Indexes for table `tbl_faq`
--
ALTER TABLE `tbl_faq`
  ADD PRIMARY KEY (`id`);

--
-- Indexes for table `tbl_notification`
--
ALTER TABLE `tbl_notification`
  ADD PRIMARY KEY (`notification_id`);

--
-- Indexes for table `tbl_orders`
--
ALTER TABLE `tbl_orders`
  ADD PRIMARY KEY (`id`);

--
-- Indexes for table `tbl_orders_item`
--
ALTER TABLE `tbl_orders_item`
  ADD PRIMARY KEY (`id`);

--
-- Indexes for table `tbl_order_review`
--
ALTER TABLE `tbl_order_review`
  ADD PRIMARY KEY (`id`);

--
-- Indexes for table `tbl_products`
--
ALTER TABLE `tbl_products`
  ADD PRIMARY KEY (`id`);

--
-- Indexes for table `tbl_product_price_unit`
--
ALTER TABLE `tbl_product_price_unit`
  ADD PRIMARY KEY (`id`);

--
-- Indexes for table `tbl_product_review`
--
ALTER TABLE `tbl_product_review`
  ADD PRIMARY KEY (`id`);

--
-- Indexes for table `tbl_settings`
--
ALTER TABLE `tbl_settings`
  ADD PRIMARY KEY (`id`);

--
-- Indexes for table `tbl_unit`
--
ALTER TABLE `tbl_unit`
  ADD PRIMARY KEY (`id`);

--
-- Indexes for table `tbl_users`
--
ALTER TABLE `tbl_users`
  ADD PRIMARY KEY (`id`),
  ADD UNIQUE KEY `users_email_unique` (`email`);

--
-- Indexes for table `tbl_users_coupon`
--
ALTER TABLE `tbl_users_coupon`
  ADD PRIMARY KEY (`id`);

--
-- Indexes for table `tbl_user_delivery_address`
--
ALTER TABLE `tbl_user_delivery_address`
  ADD PRIMARY KEY (`id`);

--
-- Indexes for table `tbl_wishlist`
--
ALTER TABLE `tbl_wishlist`
  ADD PRIMARY KEY (`id`);

--
-- AUTO_INCREMENT for dumped tables
--

--
-- AUTO_INCREMENT for table `failed_jobs`
--
ALTER TABLE `failed_jobs`
  MODIFY `id` bigint(20) unsigned NOT NULL AUTO_INCREMENT;
--
-- AUTO_INCREMENT for table `migrations`
--
ALTER TABLE `migrations`
  MODIFY `id` int(10) unsigned NOT NULL AUTO_INCREMENT,AUTO_INCREMENT=9;
--
-- AUTO_INCREMENT for table `oauth_clients`
--
ALTER TABLE `oauth_clients`
  MODIFY `id` bigint(20) unsigned NOT NULL AUTO_INCREMENT,AUTO_INCREMENT=6;
--
-- AUTO_INCREMENT for table `oauth_personal_access_clients`
--
ALTER TABLE `oauth_personal_access_clients`
  MODIFY `id` bigint(20) unsigned NOT NULL AUTO_INCREMENT,AUTO_INCREMENT=3;
--
-- AUTO_INCREMENT for table `tbl_admin`
--
ALTER TABLE `tbl_admin`
  MODIFY `id` int(11) NOT NULL AUTO_INCREMENT,AUTO_INCREMENT=2;
--
-- AUTO_INCREMENT for table `tbl_area`
--
ALTER TABLE `tbl_area`
  MODIFY `id` int(11) NOT NULL AUTO_INCREMENT,AUTO_INCREMENT=6;
--
-- AUTO_INCREMENT for table `tbl_banner`
--
ALTER TABLE `tbl_banner`
  MODIFY `id` int(11) NOT NULL AUTO_INCREMENT,AUTO_INCREMENT=3;
--
-- AUTO_INCREMENT for table `tbl_cart`
--
ALTER TABLE `tbl_cart`
  MODIFY `id` int(11) NOT NULL AUTO_INCREMENT,AUTO_INCREMENT=35;
--
-- AUTO_INCREMENT for table `tbl_category`
--
ALTER TABLE `tbl_category`
  MODIFY `id` int(11) NOT NULL AUTO_INCREMENT,AUTO_INCREMENT=11;
--
-- AUTO_INCREMENT for table `tbl_city`
--
ALTER TABLE `tbl_city`
  MODIFY `id` int(11) NOT NULL AUTO_INCREMENT,AUTO_INCREMENT=4;
--
-- AUTO_INCREMENT for table `tbl_complaint`
--
ALTER TABLE `tbl_complaint`
  MODIFY `id` int(11) NOT NULL AUTO_INCREMENT,AUTO_INCREMENT=23;
--
-- AUTO_INCREMENT for table `tbl_coupon`
--
ALTER TABLE `tbl_coupon`
  MODIFY `id` int(11) NOT NULL AUTO_INCREMENT,AUTO_INCREMENT=10;
--
-- AUTO_INCREMENT for table `tbl_delivery_boy`
--
ALTER TABLE `tbl_delivery_boy`
  MODIFY `id` int(11) NOT NULL AUTO_INCREMENT,AUTO_INCREMENT=23;
--
-- AUTO_INCREMENT for table `tbl_faq`
--
ALTER TABLE `tbl_faq`
  MODIFY `id` int(11) NOT NULL AUTO_INCREMENT,AUTO_INCREMENT=4;
--
-- AUTO_INCREMENT for table `tbl_notification`
--
ALTER TABLE `tbl_notification`
  MODIFY `notification_id` int(11) NOT NULL AUTO_INCREMENT,AUTO_INCREMENT=295;
--
-- AUTO_INCREMENT for table `tbl_orders`
--
ALTER TABLE `tbl_orders`
  MODIFY `id` int(11) NOT NULL AUTO_INCREMENT,AUTO_INCREMENT=145;
--
-- AUTO_INCREMENT for table `tbl_orders_item`
--
ALTER TABLE `tbl_orders_item`
  MODIFY `id` int(11) NOT NULL AUTO_INCREMENT,AUTO_INCREMENT=328;
--
-- AUTO_INCREMENT for table `tbl_order_review`
--
ALTER TABLE `tbl_order_review`
  MODIFY `id` int(11) NOT NULL AUTO_INCREMENT,AUTO_INCREMENT=19;
--
-- AUTO_INCREMENT for table `tbl_products`
--
ALTER TABLE `tbl_products`
  MODIFY `id` int(11) NOT NULL AUTO_INCREMENT,AUTO_INCREMENT=23;
--
-- AUTO_INCREMENT for table `tbl_product_price_unit`
--
ALTER TABLE `tbl_product_price_unit`
  MODIFY `id` int(1) NOT NULL AUTO_INCREMENT,AUTO_INCREMENT=38;
--
-- AUTO_INCREMENT for table `tbl_product_review`
--
ALTER TABLE `tbl_product_review`
  MODIFY `id` int(11) NOT NULL AUTO_INCREMENT,AUTO_INCREMENT=4;
--
-- AUTO_INCREMENT for table `tbl_settings`
--
ALTER TABLE `tbl_settings`
  MODIFY `id` int(11) NOT NULL AUTO_INCREMENT,AUTO_INCREMENT=2;
--
-- AUTO_INCREMENT for table `tbl_unit`
--
ALTER TABLE `tbl_unit`
  MODIFY `id` int(11) NOT NULL AUTO_INCREMENT,AUTO_INCREMENT=5;
--
-- AUTO_INCREMENT for table `tbl_users`
--
ALTER TABLE `tbl_users`
  MODIFY `id` int(11) unsigned NOT NULL AUTO_INCREMENT,AUTO_INCREMENT=27;
--
-- AUTO_INCREMENT for table `tbl_users_coupon`
--
ALTER TABLE `tbl_users_coupon`
  MODIFY `id` int(11) NOT NULL AUTO_INCREMENT,AUTO_INCREMENT=69;
--
-- AUTO_INCREMENT for table `tbl_user_delivery_address`
--
ALTER TABLE `tbl_user_delivery_address`
  MODIFY `id` int(11) NOT NULL AUTO_INCREMENT,AUTO_INCREMENT=44;
--
-- AUTO_INCREMENT for table `tbl_wishlist`
--
ALTER TABLE `tbl_wishlist`
  MODIFY `id` int(11) NOT NULL AUTO_INCREMENT,AUTO_INCREMENT=105;
/*!40101 SET CHARACTER_SET_CLIENT=@OLD_CHARACTER_SET_CLIENT */;
/*!40101 SET CHARACTER_SET_RESULTS=@OLD_CHARACTER_SET_RESULTS */;
/*!40101 SET COLLATION_CONNECTION=@OLD_COLLATION_CONNECTION */;
